^SP500-60,,,,,,,
29-Jun-23,231.04,234.55,230.74,234.54,234.54,"61,753,900",^SP500-60
28-Jun-23,231.94,233.06,230.53,232.62,232.62,"77,910,600",^SP500-60
27-Jun-23,230.59,232.61,229.2,232.07,232.07,"70,330,500",^SP500-60
26-Jun-23,224.4,229.97,224.4,229.78,229.78,"64,558,300",^SP500-60
23-Jun-23,226.54,228.17,224.57,224.6,224.6,"112,147,600",^SP500-60
22-Jun-23,230.9,230.9,225.76,227.23,227.23,"61,450,700",^SP500-60
21-Jun-23,230.5,231.47,228.96,230.61,230.61,"63,095,300",^SP500-60
20-Jun-23,233.81,233.84,230.55,231.95,231.95,"66,792,800",^SP500-60
16-Jun-23,235.12,236.96,234.46,234.78,234.78,"128,985,300",^SP500-60
15-Jun-23,233.09,235.44,231.57,234.98,234.98,"63,906,700",^SP500-60
14-Jun-23,233.97,235.64,232.24,234.19,234.19,"62,697,400",^SP500-60
13-Jun-23,231.35,233.6,230.97,233.34,233.34,"67,861,000",^SP500-60
12-Jun-23,231.73,231.97,229.84,231.95,231.95,"62,023,400",^SP500-60
9-Jun-23,233.47,233.69,230.68,231.83,231.83,"56,527,500",^SP500-60
8-Jun-23,233.18,233.6,230.6,233.23,233.23,"56,583,100",^SP500-60
7-Jun-23,231.47,235.21,230.14,234.62,234.62,"62,064,700",^SP500-60
6-Jun-23,230.39,231.07,228.54,230.67,230.67,"52,055,100",^SP500-60
5-Jun-23,230.33,231.63,228.86,229.24,229.24,"46,711,700",^SP500-60
2-Jun-23,228.26,231.19,227.21,230.37,230.37,"68,130,600",^SP500-60
1-Jun-23,225.59,226.87,223.5,225.72,225.72,"62,512,100",^SP500-60
31-May-23,224.55,226,222.94,225.65,225.65,"167,816,600",^SP500-60
30-May-23,225.06,227.1,223.74,224.13,224.13,"61,390,500",^SP500-60
26-May-23,221.43,223.9,220.49,223.45,223.45,"53,547,200",^SP500-60
25-May-23,221.39,222.48,219.31,220.85,220.85,"68,331,200",^SP500-60
24-May-23,224.57,224.61,219.98,220.26,220.26,"56,904,800",^SP500-60
23-May-23,227.5,229.36,225.06,225.25,225.25,"55,528,700",^SP500-60
22-May-23,226.95,229.54,225.71,228.08,228.08,"52,370,300",^SP500-60
19-May-23,227.79,229.27,225.7,226.59,226.59,"57,413,700",^SP500-60
18-May-23,227.55,228.28,225.29,226.99,226.99,"59,144,100",^SP500-60
17-May-23,226.85,229.07,225.3,228.71,228.71,"54,652,900",^SP500-60
16-May-23,231.78,231.78,225.84,225.86,225.86,"67,783,500",^SP500-60
15-May-23,233.04,233.48,231.33,232.04,232.04,"50,324,500",^SP500-60
12-May-23,232.76,233.05,230.84,232.7,232.7,"50,363,500",^SP500-60
11-May-23,233.3,233.31,230.83,232.29,232.29,"55,824,400",^SP500-60
10-May-23,234.62,235.7,232.44,234.74,234.74,"54,705,400",^SP500-60
9-May-23,231.89,233.34,230.04,232.43,232.43,"55,986,000",^SP500-60
8-May-23,233.98,235.33,232.62,233.42,233.42,"48,341,000",^SP500-60
5-May-23,232.79,235.38,232.48,234.95,234.95,"54,634,800",^SP500-60
4-May-23,229.44,232.7,228.44,231.39,231.39,"67,868,100",^SP500-60
3-May-23,231.58,233.3,228.96,229.18,229.18,"71,767,000",^SP500-60
2-May-23,233.99,234.54,229.25,230.5,230.5,"65,048,600",^SP500-60
1-May-23,236.16,237.18,234.27,234.57,234.57,"58,757,600",^SP500-60
28-Apr-23,234.09,237.44,233.63,236.79,236.79,"67,461,500",^SP500-60
27-Apr-23,229.49,234.56,229.49,234.06,234.06,"63,872,800",^SP500-60
26-Apr-23,230.35,232.54,228.37,228.9,228.9,"58,014,300",^SP500-60
25-Apr-23,232.05,232.7,230.73,230.8,230.8,"55,459,700",^SP500-60
24-Apr-23,234.09,234.55,231.21,232.94,232.94,"49,120,100",^SP500-60
21-Apr-23,233.79,234.52,231.63,233.61,233.61,"51,498,900",^SP500-60
20-Apr-23,235.12,235.12,232.27,233.17,233.17,"54,619,500",^SP500-60
19-Apr-23,233.46,236.77,232.92,236.04,236.04,"46,277,800",^SP500-60
18-Apr-23,234.75,235.29,233.43,234.74,234.74,"53,394,800",^SP500-60
17-Apr-23,230.41,235.08,230.19,235.08,235.08,"60,414,000",^SP500-60
14-Apr-23,234.52,235.22,228.3,229.95,229.95,"54,358,300",^SP500-60
13-Apr-23,234.82,235.09,231.8,233.99,233.99,"56,666,500",^SP500-60
12-Apr-23,237.68,238.3,234.72,235.04,235.04,"56,007,900",^SP500-60
11-Apr-23,234.81,237.67,234.18,235.72,235.72,"62,513,500",^SP500-60
10-Apr-23,232.09,234.67,231.03,234.66,234.66,"53,914,800",^SP500-60
6-Apr-23,232.66,233.47,230.56,233.47,233.47,"49,867,300",^SP500-60
5-Apr-23,232.82,234.3,231.72,231.85,231.85,"63,352,300",^SP500-60
4-Apr-23,233.17,233.97,231.53,233.03,233.03,"69,895,500",^SP500-60
3-Apr-23,234.26,236.14,231.49,232.83,232.83,"86,224,000",^SP500-60
31-Mar-23,231.16,235.19,230.88,235.11,235.11,"92,020,300",^SP500-60
30-Mar-23,229.83,230.71,229.17,230.12,230.12,"56,138,700",^SP500-60
29-Mar-23,224.9,227.56,224.9,227.41,227.41,"58,129,100",^SP500-60
28-Mar-23,221.25,223.24,220.62,222.21,222.21,"48,907,700",^SP500-60
27-Mar-23,225.04,225.57,222.55,222.73,222.73,"63,654,300",^SP500-60
24-Mar-23,216.86,223.63,216.42,223.61,223.61,"71,922,000",^SP500-60
23-Mar-23,219.72,222.84,217.26,217.84,217.84,"70,934,800",^SP500-60
22-Mar-23,225.16,225.72,218.98,219.03,219.03,"75,105,700",^SP500-60
21-Mar-23,229.96,230.36,224.87,227.21,227.21,"78,708,000",^SP500-60
20-Mar-23,226.66,229.56,225.74,228.78,228.78,"73,137,300",^SP500-60
17-Mar-23,231.02,231.02,226.29,226.38,226.38,"145,426,600",^SP500-60
16-Mar-23,229.7,232.69,227.63,231.63,231.63,"90,991,700",^SP500-60
15-Mar-23,229.41,232.6,228.49,231.77,231.77,"87,017,100",^SP500-60
14-Mar-23,233.75,233.95,229.06,231.76,231.76,"89,733,700",^SP500-60
13-Mar-23,225.13,233.19,224.78,229.83,229.83,"89,943,200",^SP500-60
10-Mar-23,233.52,233.82,225.49,226.2,226.2,"90,105,600",^SP500-60
9-Mar-23,239.29,239.95,233.32,233.81,233.81,"64,641,400",^SP500-60
8-Mar-23,236.22,240.8,236.12,239.3,239.3,"53,817,500",^SP500-60
7-Mar-23,242.21,242.21,235.97,236.18,236.18,"60,637,100",^SP500-60
6-Mar-23,243.99,244.35,241.79,242.25,242.25,"51,079,900",^SP500-60
3-Mar-23,240.76,243.69,240.6,243.23,243.23,"62,324,200",^SP500-60
2-Mar-23,234.84,239.49,234.19,239.08,239.08,"71,653,900",^SP500-60
1-Mar-23,238.1,238.65,234.73,236.2,236.2,"73,553,800",^SP500-60
28-Feb-23,239.88,242.79,239.31,239.77,239.77,"99,957,700",^SP500-60
27-Feb-23,242.13,243.43,238.72,239.86,239.86,"60,445,600",^SP500-60
24-Feb-23,241.51,241.87,238.32,239.51,239.51,"61,382,500",^SP500-60
23-Feb-23,243.34,244.45,241.71,243.94,243.94,"55,319,600",^SP500-60
22-Feb-23,244.35,244.69,240.6,241.57,241.57,"62,164,400",^SP500-60
21-Feb-23,246.89,247.17,242.83,244.05,244.05,"59,681,700",^SP500-60
17-Feb-23,249.37,249.53,246.48,248.92,248.92,"70,439,000",^SP500-60
16-Feb-23,248.8,252.16,246.67,250.05,250.05,"69,652,500",^SP500-60
15-Feb-23,249.79,252.41,249.57,252.4,252.4,"58,228,100",^SP500-60
14-Feb-23,253.24,255.13,250.34,251.75,251.75,"62,952,200",^SP500-60
13-Feb-23,253.07,254.86,252.85,254.39,254.39,"53,812,500",^SP500-60
10-Feb-23,250.34,252.85,249.14,252.33,252.33,"56,605,600",^SP500-60
9-Feb-23,255.46,256.67,251.01,251.66,251.66,"63,948,100",^SP500-60
8-Feb-23,253.93,255.1,252.97,254.23,254.23,"57,808,900",^SP500-60
7-Feb-23,254.01,256.16,251.63,254.98,254.98,"69,436,800",^SP500-60
6-Feb-23,254.12,256.12,252.83,255.77,255.77,"59,336,600",^SP500-60
*Close price adjusted for splits.,^SP500-60,,,,,,
^GSPE,,,,,,,
29-Jun-23,612.9,619.75,611.77,619.71,619.71,"133,302,000",^GSPE
28-Jun-23,606.74,613.71,600.81,612.9,612.9,"147,222,300",^GSPE
27-Jun-23,605.37,609.22,601.51,606.74,606.74,"149,394,800",^GSPE
26-Jun-23,595.17,608.79,594.98,605.37,605.37,"134,760,600",^GSPE
23-Jun-23,599.93,599.93,590.49,595.17,595.17,"206,430,600",^GSPE
22-Jun-23,607.85,607.85,597.63,599.93,599.93,"129,661,200",^GSPE
21-Jun-23,602.31,612.57,599.51,607.85,607.85,"134,664,400",^GSPE
20-Jun-23,616.43,616.43,598.19,602.31,602.31,"156,595,400",^GSPE
16-Jun-23,617.1,621.69,614.92,616.43,616.43,"295,556,200",^GSPE
15-Jun-23,610.77,622.22,610.77,617.1,617.1,"145,262,500",^GSPE
14-Jun-23,617.67,625.94,606.51,610.77,610.77,"147,841,100",^GSPE
13-Jun-23,614.8,629.37,614.8,617.67,617.67,"154,444,300",^GSPE
12-Jun-23,620.82,620.82,610.64,614.8,614.8,"140,710,200",^GSPE
9-Jun-23,624.43,627.02,619.19,620.82,620.82,"121,890,200",^GSPE
8-Jun-23,627.22,629.81,614.25,624.43,624.43,"142,713,800",^GSPE
7-Jun-23,611.05,628.08,611.05,627.22,627.22,"158,296,100",^GSPE
6-Jun-23,606.86,611.59,598.41,611.05,611.05,"129,888,300",^GSPE
5-Jun-23,610.41,619.81,605.52,606.86,606.86,"128,791,600",^GSPE
2-Jun-23,592.86,613.24,592.86,610.41,610.41,"176,499,300",^GSPE
1-Jun-23,585.66,599.49,583.1,592.86,592.86,"159,350,400",^GSPE
31-May-23,596.86,596.86,584.03,585.66,585.66,"279,647,300",^GSPE
30-May-23,602.51,602.51,590.07,596.86,596.86,"153,156,800",^GSPE
26-May-23,604.77,610.46,599.85,602.51,602.51,"138,167,500",^GSPE
25-May-23,616.43,616.43,599.83,604.77,604.77,"162,236,500",^GSPE
24-May-23,613.23,621.22,611.35,616.43,616.43,"137,879,400",^GSPE
23-May-23,606.94,620.61,606.94,613.23,613.23,"139,637,800",^GSPE
22-May-23,609.3,613.02,606.52,606.94,606.94,"136,684,400",^GSPE
19-May-23,604.88,614.14,604.88,609.3,609.3,"147,607,200",^GSPE
18-May-23,601.93,605.56,593.73,604.88,604.88,"149,947,700",^GSPE
17-May-23,589.71,604.92,589.71,601.93,601.93,"151,136,400",^GSPE
16-May-23,605.06,605.06,589.3,589.71,589.71,"163,101,500",^GSPE
15-May-23,603.84,608.47,599.88,605.06,605.06,"169,167,000",^GSPE
12-May-23,603.17,609.84,599.3,603.84,603.84,"124,351,400",^GSPE
11-May-23,610.73,610.73,598.63,603.13,603.13,"148,738,600",^GSPE
10-May-23,617.83,621.09,605.97,610.73,610.73,"154,717,200",^GSPE
9-May-23,617.61,623.66,612.57,617.83,617.83,"132,870,500",^GSPE
8-May-23,617.15,628.51,617.15,617.61,617.61,"127,825,300",^GSPE
5-May-23,600.65,621.73,600.65,617.15,617.15,"157,786,200",^GSPE
4-May-23,607.37,613.4,599.19,600.65,600.65,"180,646,300",^GSPE
3-May-23,619.28,619.28,607.12,607.37,607.37,"166,407,900",^GSPE
2-May-23,646.97,646.97,613.44,619.28,619.28,"190,040,200",^GSPE
1-May-23,655.2,655.2,643.83,646.97,646.97,"119,438,300",^GSPE
28-Apr-23,645.68,659.15,641.38,655.2,655.2,"155,028,200",^GSPE
27-Apr-23,642.83,647.38,636.98,645.68,645.68,"149,322,600",^GSPE
26-Apr-23,651.16,652.97,639.21,642.83,642.83,"134,091,300",^GSPE
25-Apr-23,663.35,663.35,647.36,651.16,651.16,"130,153,700",^GSPE
24-Apr-23,653.3,666.59,652.15,663.35,663.35,"125,676,800",^GSPE
21-Apr-23,657.19,659.45,650.66,653.3,653.3,"131,080,600",^GSPE
20-Apr-23,663.08,663.08,648.77,657.19,657.19,"136,198,200",^GSPE
19-Apr-23,664.75,664.75,656.18,663.08,663.08,"127,424,400",^GSPE
18-Apr-23,661.8,666.58,657.29,664.75,664.75,"134,786,800",^GSPE
17-Apr-23,670.32,670.34,659.8,661.8,661.8,"125,313,600",^GSPE
14-Apr-23,669.04,673.85,666.3,670.32,670.32,"107,683,200",^GSPE
13-Apr-23,664.99,670.63,662.12,669.04,669.04,"122,461,200",^GSPE
12-Apr-23,664.24,670.57,663.12,664.99,664.99,"127,797,800",^GSPE
11-Apr-23,658.37,668.29,657.94,664.24,664.24,"120,095,900",^GSPE
10-Apr-23,654.14,665.68,654.14,658.37,658.37,"124,413,300",^GSPE
6-Apr-23,663.91,663.91,652.68,654.14,654.14,"119,695,400",^GSPE
5-Apr-23,654.61,663.99,650.76,663.91,663.91,"151,151,400",^GSPE
4-Apr-23,666.07,667.5,648.74,654.61,654.61,"174,185,000",^GSPE
3-Apr-23,634.9,669.67,634.9,666.07,666.07,"261,783,700",^GSPE
31-Mar-23,630.9,636.16,630.36,634.9,634.9,"143,534,900",^GSPE
30-Mar-23,628.71,634.17,627.65,630.9,630.9,"120,290,700",^GSPE
29-Mar-23,619.44,629.32,619.44,628.71,628.71,"147,523,200",^GSPE
28-Mar-23,610.6,622.41,607.2,619.44,619.44,"136,099,400",^GSPE
27-Mar-23,598.03,614.15,598.03,610.6,610.6,"154,714,600",^GSPE
24-Mar-23,596.32,600.26,582.54,598.03,598.03,"174,281,600",^GSPE
23-Mar-23,604.56,613.07,590.57,596.32,596.32,"156,882,800",^GSPE
22-Mar-23,617.6,620.84,604.34,604.56,604.56,"153,120,600",^GSPE
21-Mar-23,596.98,619.5,596.98,617.6,617.6,"199,715,100",^GSPE
20-Mar-23,584.64,599.76,584.53,596.98,596.98,"184,689,400",^GSPE
17-Mar-23,593.72,595.4,579.94,584.64,584.64,"394,949,700",^GSPE
16-Mar-23,588.2,595.35,572.55,593.72,593.72,"250,687,000",^GSPE
15-Mar-23,621.92,621.92,579.8,588.2,588.2,"300,947,900",^GSPE
14-Mar-23,616.47,635.88,611.07,621.92,621.92,"179,871,900",^GSPE
13-Mar-23,628.78,628.78,602.92,616.47,616.47,"216,188,400",^GSPE
10-Mar-23,637.81,646.39,625.63,628.78,628.78,"163,570,900",^GSPE
9-Mar-23,646.63,659.12,637.43,637.81,637.81,"149,613,600",^GSPE
8-Mar-23,653.32,658.31,640.42,646.63,646.63,"142,272,300",^GSPE
7-Mar-23,664.95,664.95,651.44,653.32,653.32,"131,747,800",^GSPE
6-Mar-23,664.3,665.72,657.61,664.95,664.95,"137,163,400",^GSPE
3-Mar-23,655.85,666.89,646.79,664.3,664.3,"139,057,700",^GSPE
2-Mar-23,650.37,658.17,646.82,655.85,655.85,"126,741,500",^GSPE
1-Mar-23,638.01,653.82,636.31,650.37,650.37,"144,209,200",^GSPE
28-Feb-23,647.35,652.72,637.51,638.01,638.01,"198,633,100",^GSPE
27-Feb-23,645.32,649.74,641.64,647.35,647.35,"144,380,600",^GSPE
24-Feb-23,645.39,646.29,633.5,645.32,645.32,"166,210,800",^GSPE
23-Feb-23,637.29,649.82,637.29,645.39,645.39,"148,950,900",^GSPE
22-Feb-23,642.23,645.42,631.78,637.29,637.29,"159,173,600",^GSPE
21-Feb-23,644.2,648.63,640.46,642.23,642.23,"157,132,800",^GSPE
17-Feb-23,668.58,668.58,641.76,644.2,644.2,"230,404,700",^GSPE
16-Feb-23,675.54,677.37,667.96,668.58,668.58,"153,335,000",^GSPE
15-Feb-23,687.78,687.78,666.89,675.54,675.54,"202,758,200",^GSPE
14-Feb-23,687.91,692.8,680.63,687.78,687.78,"126,588,800",^GSPE
13-Feb-23,692.1,692.1,679.37,687.91,687.91,"129,924,100",^GSPE
10-Feb-23,665.97,693.42,665.97,692.1,692.1,"175,863,900",^GSPE
9-Feb-23,670.76,673.9,665.44,665.97,665.97,"141,191,600",^GSPE
8-Feb-23,676.54,680.19,667.31,670.76,670.76,"143,635,900",^GSPE
7-Feb-23,656.34,677.92,656.34,676.54,676.54,"149,269,200",^GSPE
6-Feb-23,658.95,664.19,648.1,656.34,656.34,"148,021,300",^GSPE
*Close price adjusted for splits.,^GSPE,,,,,,
^SP500-15,,,,,,,
29-Jun-23,509.51,517.38,508.3,517.14,517.14,"60,731,700",^SP500-15
28-Jun-23,512.71,512.71,508.69,510.66,510.66,"70,801,500",^SP500-15
27-Jun-23,507.68,514.79,506.92,514.15,514.15,"65,818,100",^SP500-15
26-Jun-23,502.96,507.88,502.69,507.06,507.06,"61,226,200",^SP500-15
23-Jun-23,501.3,502.9,498.38,502.04,502.04,"96,283,100",^SP500-15
22-Jun-23,505.21,506.47,501.39,505.99,505.99,"61,795,600",^SP500-15
21-Jun-23,503.83,509.42,501.95,507.46,507.46,"71,092,800",^SP500-15
20-Jun-23,508.78,508.78,502.97,505.67,505.67,"81,211,500",^SP500-15
16-Jun-23,511.85,512.82,509.08,512.1,512.1,"170,295,600",^SP500-15
15-Jun-23,507.01,513.43,506.19,511.54,511.54,"69,777,000",^SP500-15
14-Jun-23,512.33,513.22,504.5,507.22,507.22,"68,428,300",^SP500-15
13-Jun-23,499.81,509.64,499.81,509.43,509.43,"81,168,400",^SP500-15
12-Jun-23,495.91,498.48,492.99,497.82,497.82,"68,406,900",^SP500-15
9-Jun-23,498.86,498.86,493.87,495.64,495.64,"67,003,000",^SP500-15
8-Jun-23,501.76,503.01,496.46,499.75,499.75,"70,431,900",^SP500-15
7-Jun-23,495.42,501.99,495.29,501.5,501.5,"85,004,100",^SP500-15
6-Jun-23,490.98,496.95,490.96,495.67,495.67,"75,058,500",^SP500-15
5-Jun-23,493.28,498.16,490.87,492.46,492.46,"81,064,800",^SP500-15
2-Jun-23,485.51,494.03,485.51,492.95,492.95,"101,472,300",^SP500-15
1-Jun-23,472.63,478.41,471.07,476.86,476.86,"89,171,300",^SP500-15
31-May-23,473.78,474.9,469.18,471.02,471.02,"142,969,700",^SP500-15
30-May-23,479.17,479.32,472.87,476.37,476.37,"80,338,000",^SP500-15
26-May-23,479.3,482.37,477.26,479.21,479.21,"70,829,100",^SP500-15
25-May-23,478.85,479.46,474.69,477.22,477.22,"78,100,300",^SP500-15
24-May-23,483.45,483.45,478.16,479.04,479.04,"75,350,500",^SP500-15
23-May-23,488.8,489.82,483.63,484.49,484.49,"73,824,600",^SP500-15
22-May-23,495.39,497.15,491.48,492.05,492.05,"58,332,500",^SP500-15
19-May-23,495.16,497.27,492.24,494.76,494.76,"61,822,100",^SP500-15
18-May-23,489.52,493.99,486.21,493.48,493.48,"65,800,200",^SP500-15
17-May-23,489.43,492.62,487.66,490.79,490.79,"75,835,100",^SP500-15
16-May-23,493.31,493.33,487.42,487.54,487.54,"69,847,800",^SP500-15
15-May-23,493.37,496.01,491.04,495.69,495.69,"70,183,800",^SP500-15
12-May-23,492.13,493.84,487.42,491.53,491.53,"62,520,900",^SP500-15
11-May-23,491.74,492.37,488.49,490.69,490.69,"83,076,500",^SP500-15
10-May-23,499.17,501.15,490.22,495.59,495.59,"74,898,400",^SP500-15
9-May-23,497.77,497.96,493.35,495.34,495.34,"68,740,200",^SP500-15
8-May-23,503.57,505.07,499.19,500.01,500.01,"60,686,200",^SP500-15
5-May-23,497.98,503.23,497.88,501.5,501.5,"75,641,700",^SP500-15
4-May-23,496.97,500.49,492.18,493.32,493.32,"107,438,600",^SP500-15
3-May-23,503.49,504.92,496.3,496.5,496.5,"93,683,000",^SP500-15
2-May-23,503.81,504.13,494.22,502.06,502.06,"87,158,500",^SP500-15
1-May-23,508.4,510.2,506,506.87,506.87,"62,032,800",^SP500-15
28-Apr-23,500.77,507.99,500.09,507.06,507.06,"81,966,900",^SP500-15
27-Apr-23,496.12,501.45,493.21,501.4,501.4,"73,417,200",^SP500-15
26-Apr-23,499.4,500.1,492.97,494.68,494.68,"72,873,200",^SP500-15
25-Apr-23,506.97,507.34,500.27,500.58,500.58,"84,909,500",^SP500-15
24-Apr-23,509.15,511.65,508.49,511.57,511.57,"69,431,700",^SP500-15
21-Apr-23,510.22,511.28,505.42,508.05,508.05,"86,462,800",^SP500-15
20-Apr-23,510.61,514.23,509.49,512.69,512.69,"67,444,300",^SP500-15
19-Apr-23,512.39,513.66,510.11,513.07,513.07,"62,151,800",^SP500-15
18-Apr-23,514.43,516.27,512.26,514.68,514.68,"63,625,300",^SP500-15
17-Apr-23,510.16,512.64,508.43,512.64,512.64,"60,731,900",^SP500-15
14-Apr-23,512.54,515.54,507.06,509.65,509.65,"63,186,200",^SP500-15
13-Apr-23,508.9,514.9,507.41,513.11,513.11,"75,991,100",^SP500-15
12-Apr-23,510.92,512.46,507.34,508,508,"64,733,600",^SP500-15
11-Apr-23,505.96,510.47,505.82,507.65,507.65,"77,050,100",^SP500-15
10-Apr-23,499.75,504.72,499.01,503.98,503.98,"62,641,300",^SP500-15
6-Apr-23,500.21,501.88,497.72,501.51,501.51,"74,214,100",^SP500-15
5-Apr-23,499.92,503.21,498.15,502.61,502.61,"84,292,500",^SP500-15
4-Apr-23,509.73,510.09,501.84,503.73,503.73,"87,904,000",^SP500-15
3-Apr-23,509.04,512.37,507.45,511.23,511.23,"77,996,900",^SP500-15
31-Mar-23,501,508.18,500.99,507.92,507.92,"67,893,700",^SP500-15
30-Mar-23,501.15,501.84,498.24,500.05,500.05,"58,413,100",^SP500-15
29-Mar-23,495.23,497.14,494.66,496.86,496.86,"65,629,700",^SP500-15
28-Mar-23,488.3,490.82,487.23,490.07,490.07,"48,003,800",^SP500-15
27-Mar-23,487.46,491.08,484.28,487.64,487.64,"68,714,500",^SP500-15
24-Mar-23,477.14,485.18,473.18,484.05,484.05,"78,835,500",^SP500-15
23-Mar-23,482.79,489.87,476.56,480.17,480.17,"78,152,800",^SP500-15
22-Mar-23,489.12,492.33,480.79,480.84,480.84,"73,729,900",^SP500-15
21-Mar-23,489.11,491.07,486.38,489.45,489.45,"69,350,400",^SP500-15
20-Mar-23,478.28,483.94,478.28,483.52,483.52,"84,815,900",^SP500-15
17-Mar-23,480.19,480.19,473.18,474,474,"190,817,600",^SP500-15
16-Mar-23,471.92,482.07,470.18,481.41,481.41,"102,603,300",^SP500-15
15-Mar-23,480.62,481.17,469.45,475.82,475.82,"121,599,100",^SP500-15
14-Mar-23,493.35,497.73,486.71,491.94,491.94,"99,650,000",^SP500-15
13-Mar-23,486.15,492.02,482.48,485.89,485.89,"105,005,100",^SP500-15
10-Mar-23,502.45,502.45,488.66,491.26,491.26,"87,450,500",^SP500-15
9-Mar-23,515.16,517.19,500.49,502.05,502.05,"68,953,100",^SP500-15
8-Mar-23,512.67,516.39,511.24,515.12,515.12,"67,045,300",^SP500-15
7-Mar-23,521.53,521.53,511.15,512.73,512.73,"79,365,000",^SP500-15
6-Mar-23,528.98,529.84,522.36,523.14,523.14,"71,445,200",^SP500-15
3-Mar-23,526.76,532.11,523.86,531.9,531.9,"65,187,400",^SP500-15
2-Mar-23,516.28,525.74,514.94,524.56,524.56,"70,127,600",^SP500-15
1-Mar-23,516.72,523.61,516.27,518.32,518.32,"72,662,400",^SP500-15
28-Feb-23,511.98,517.92,511.3,514.81,514.81,"93,945,500",^SP500-15
27-Feb-23,514.33,517.35,512.11,512.51,512.51,"71,149,300",^SP500-15
24-Feb-23,499.23,511.89,496.84,511.33,511.33,"92,311,300",^SP500-15
23-Feb-23,508.74,511.26,500.5,508.01,508.01,"79,827,500",^SP500-15
22-Feb-23,505.09,509.59,503.32,507.08,507.08,"76,489,700",^SP500-15
21-Feb-23,510.44,511.03,502.85,503.68,503.68,"85,658,000",^SP500-15
17-Feb-23,514.36,514.36,509.26,512,512,"93,592,200",^SP500-15
16-Feb-23,517.93,522.84,514.32,516.98,516.98,"72,555,000",^SP500-15
15-Feb-23,516.66,523,515.72,522.99,522.99,"69,261,400",^SP500-15
14-Feb-23,517.33,522.05,514.81,520.68,520.68,"71,361,300",^SP500-15
13-Feb-23,517.23,520.53,514.64,519.56,519.56,"65,113,400",^SP500-15
10-Feb-23,513.58,517.55,510.82,516.93,516.93,"68,215,500",^SP500-15
9-Feb-23,526.48,528.78,512.71,515.1,515.1,"84,365,300",^SP500-15
8-Feb-23,524.93,529.02,522.16,522.45,522.45,"71,848,300",^SP500-15
7-Feb-23,518.45,527.98,518.35,526.71,526.71,"84,960,400",^SP500-15
6-Feb-23,522.17,523.09,517.05,519.96,519.96,"81,091,500",^SP500-15
*Close price adjusted for splits.,^SP500-15,,,,,,
^SP500-40,,,,,,,
29-Jun-23,546.94,556.18,546.94,556.09,556.09,"344,038,200",^SP500-40
28-Jun-23,547.93,547.93,544.61,546.94,546.94,"266,366,200",^SP500-40
27-Jun-23,544.08,549.37,544.08,547.93,547.93,"260,097,700",^SP500-40
26-Jun-23,545.15,548.16,542.56,544.08,544.08,"278,054,500",^SP500-40
23-Jun-23,547.44,547.44,541.5,545.15,545.15,"399,802,500",^SP500-40
22-Jun-23,551.54,551.54,545.73,547.44,547.44,"284,010,300",^SP500-40
21-Jun-23,552.58,554.41,549.54,551.54,551.54,"281,777,400",^SP500-40
20-Jun-23,556.06,556.06,549.13,552.58,552.58,"318,510,100",^SP500-40
16-Jun-23,557.64,560.69,556.05,556.4,556.4,"558,967,000",^SP500-40
15-Jun-23,550.7,558.94,548.27,557.62,557.62,"329,543,300",^SP500-40
14-Jun-23,552.71,556.78,548.9,550.7,550.7,"365,345,000",^SP500-40
13-Jun-23,549.34,554.99,548.54,552.72,552.72,"359,124,100",^SP500-40
12-Jun-23,549.85,551.59,545.4,549.34,549.34,"378,607,300",^SP500-40
9-Jun-23,549.44,551.95,548.35,549.85,549.85,"260,010,900",^SP500-40
8-Jun-23,550.06,550.26,545.32,549.44,549.44,"286,962,900",^SP500-40
7-Jun-23,548.25,551.22,545.18,550.06,550.06,"344,539,000",^SP500-40
6-Jun-23,541.05,548.82,540.64,548.25,548.25,"342,146,500",^SP500-40
5-Jun-23,544.11,544.56,538.86,541.05,541.05,"271,908,900",^SP500-40
2-Jun-23,532.48,545.93,532.48,544.11,544.11,"371,644,300",^SP500-40
1-Jun-23,526.72,533.49,526.28,532.48,532.48,"342,847,800",^SP500-40
31-May-23,532.81,532.81,522.62,526.72,526.72,"587,751,100",^SP500-40
30-May-23,532.82,534.95,529.35,532.81,532.81,"308,155,000",^SP500-40
26-May-23,528.91,534.29,528.91,532.82,532.82,"296,106,700",^SP500-40
25-May-23,528.74,530.36,525.63,528.91,528.91,"335,637,800",^SP500-40
24-May-23,535.76,535.76,527.8,528.74,528.74,"302,062,800",^SP500-40
23-May-23,542.38,542.66,535.68,535.76,535.76,"356,465,800",^SP500-40
22-May-23,541.16,544.09,539.03,542.38,542.38,"298,802,800",^SP500-40
19-May-23,543.6,546.53,538.97,541.16,541.16,"362,659,100",^SP500-40
18-May-23,539.82,544.12,536.73,543.6,543.6,"360,306,900",^SP500-40
17-May-23,528.76,541.04,528.76,539.82,539.82,"407,851,800",^SP500-40
16-May-23,533.93,534.34,528.69,528.76,528.76,"298,213,900",^SP500-40
15-May-23,529.6,534.89,529.6,533.93,533.93,"317,596,500",^SP500-40
12-May-23,531.8,534.49,526.26,529.6,529.6,"341,104,700",^SP500-40
11-May-23,532.87,532.87,527.39,531.79,531.79,"337,404,600",^SP500-40
10-May-23,535.98,540.23,528.27,532.87,532.87,"355,613,000",^SP500-40
9-May-23,537.96,537.96,533,535.97,535.97,"332,225,100",^SP500-40
8-May-23,536.84,541.88,536.84,537.96,537.96,"325,524,100",^SP500-40
5-May-23,524.05,537.91,524.05,536.83,536.83,"433,929,100",^SP500-40
4-May-23,530.92,530.92,519.57,524.05,524.05,"673,953,100",^SP500-40
3-May-23,537.3,540.53,530.71,530.92,530.92,"633,253,700",^SP500-40
2-May-23,549.94,549.94,532.43,537.3,537.3,"512,655,400",^SP500-40
1-May-23,551.42,555.67,549.34,549.94,549.94,"375,666,900",^SP500-40
28-Apr-23,544.95,551.7,541.22,551.42,551.42,"526,381,300",^SP500-40
27-Apr-23,536.37,546,536.37,544.95,544.95,"406,537,800",^SP500-40
26-Apr-23,541.55,543.14,534.26,536.37,536.37,"549,689,800",^SP500-40
25-Apr-23,551.26,551.26,541.41,541.55,541.55,"568,755,400",^SP500-40
24-Apr-23,552.37,553.73,549.76,551.26,551.26,"369,345,800",^SP500-40
21-Apr-23,554.56,554.56,549.42,552.37,552.37,"409,825,200",^SP500-40
20-Apr-23,556.33,556.33,552.64,554.56,554.56,"398,966,100",^SP500-40
19-Apr-23,554.91,557.58,553.13,556.33,556.33,"473,440,500",^SP500-40
18-Apr-23,553.18,555.85,550.19,554.91,554.91,"492,623,500",^SP500-40
17-Apr-23,547.01,553.25,544.03,553.18,553.18,"528,021,000",^SP500-40
14-Apr-23,541.3,551.16,541.3,547.01,547.01,"494,586,700",^SP500-40
13-Apr-23,536.69,541.71,533.6,541.3,541.3,"353,684,600",^SP500-40
12-Apr-23,537.78,543.29,535.42,536.69,536.69,"325,149,800",^SP500-40
11-Apr-23,533.25,539.99,533.25,537.78,537.78,"332,275,600",^SP500-40
10-Apr-23,531.81,533.32,529.03,533.25,533.25,"323,762,200",^SP500-40
6-Apr-23,530.18,532.84,528.49,531.81,531.81,"335,175,500",^SP500-40
5-Apr-23,530.93,531.32,526.84,530.18,530.18,"385,367,900",^SP500-40
4-Apr-23,536.36,538,527.61,530.93,530.93,"405,754,400",^SP500-40
3-Apr-23,535.28,538.28,533.13,536.36,536.36,"388,520,600",^SP500-40
31-Mar-23,529.19,535.37,529.19,535.28,535.28,"436,516,000",^SP500-40
30-Mar-23,530.74,534.54,526.37,529.19,529.19,"414,468,500",^SP500-40
29-Mar-23,522.9,530.81,522.9,530.74,530.74,"423,153,400",^SP500-40
28-Mar-23,523.2,524.83,519.91,522.9,522.9,"384,527,700",^SP500-40
27-Mar-23,515.97,525.88,515.97,523.2,523.2,"611,617,200",^SP500-40
24-Mar-23,516.28,516.34,506.1,515.97,515.97,"586,878,500",^SP500-40
23-Mar-23,519.7,526.07,512.87,516.28,516.28,"663,366,000",^SP500-40
22-Mar-23,532.33,533.55,519.64,519.7,519.7,"609,518,100",^SP500-40
21-Mar-23,519.15,533.37,519.15,532.33,532.33,"787,309,200",^SP500-40
20-Mar-23,513.28,523.26,513.28,519.15,519.15,"793,182,900",^SP500-40
17-Mar-23,530.45,530.45,512.07,513.02,513.02,"1,143,444,500",^SP500-40
16-Mar-23,519.97,535.66,512.23,530.45,530.45,"942,679,500",^SP500-40
15-Mar-23,535.56,535.56,513.23,520.33,520.33,"923,954,000",^SP500-40
14-Mar-23,525.63,544.73,525.63,535.56,535.56,"1,007,535,800",^SP500-40
13-Mar-23,543.11,543.11,520.47,525.63,525.63,"1,335,046,300",^SP500-40
10-Mar-23,556.04,559.23,540.13,546.28,546.28,"843,093,700",^SP500-40
9-Mar-23,579.84,579.84,553.47,556.04,556.04,"528,012,300",^SP500-40
8-Mar-23,582.2,584.42,577.04,579.84,579.84,"247,331,600",^SP500-40
7-Mar-23,597.36,597.36,580.76,582.2,582.2,"303,566,800",^SP500-40
6-Mar-23,597.05,601.17,595.86,597.36,597.36,"231,527,400",^SP500-40
3-Mar-23,587.65,597.15,587.65,597.05,597.05,"228,718,900",^SP500-40
2-Mar-23,590.77,590.77,581.08,587.65,587.65,"266,822,000",^SP500-40
1-Mar-23,593.02,593.58,588.78,590.77,590.77,"222,908,600",^SP500-40
28-Feb-23,592.03,596.02,591.48,593.02,593.02,"280,400,700",^SP500-40
27-Feb-23,592.38,598.55,590.92,592.03,592.03,"206,112,300",^SP500-40
24-Feb-23,591.76,593.95,585.76,592.38,592.38,"209,797,700",^SP500-40
23-Feb-23,590.93,596.17,586.32,591.76,591.76,"202,981,300",^SP500-40
22-Feb-23,592.12,594.03,588.18,590.93,590.93,"224,320,800",^SP500-40
21-Feb-23,604.28,604.28,589.28,592.12,592.12,"237,946,800",^SP500-40
17-Feb-23,604,605.06,599.51,604.28,604.28,"213,667,900",^SP500-40
16-Feb-23,610.53,610.53,603.36,604,604,"175,654,400",^SP500-40
15-Feb-23,609.58,610.63,604.64,610.53,610.53,"167,779,100",^SP500-40
14-Feb-23,612.87,615.79,606.15,609.58,609.58,"213,260,600",^SP500-40
13-Feb-23,606.18,612.91,605.46,612.87,612.87,"191,475,600",^SP500-40
10-Feb-23,603.75,606.63,599.28,606.18,606.18,"208,515,700",^SP500-40
9-Feb-23,611.26,615.2,602.94,603.75,603.75,"227,860,700",^SP500-40
8-Feb-23,614.71,616.32,609.93,611.26,611.26,"224,023,300",^SP500-40
7-Feb-23,607.63,616.58,604.22,614.71,614.71,"244,124,800",^SP500-40
6-Feb-23,608.5,608.5,603.28,607.64,607.64,"213,003,500",^SP500-40
*Close price adjusted for splits.,^SP500-40,,,,,,
^SP500-55,,,,,,,
29-Jun-23,326.35,330.81,325.76,328.8,328.8,"111,402,300",^SP500-55
28-Jun-23,333.67,333.67,328.14,328.95,328.95,"100,266,300",^SP500-55
27-Jun-23,334.4,335.05,332.9,333.89,333.89,"94,428,700",^SP500-55
26-Jun-23,331.26,334.83,329.84,333.75,333.75,"89,188,200",^SP500-55
23-Jun-23,336.23,337.54,330.18,330.51,330.51,"136,869,500",^SP500-55
22-Jun-23,339.79,339.79,334.62,335.59,335.59,"89,599,500",^SP500-55
21-Jun-23,333.82,338.41,330.59,338.15,338.15,"91,937,600",^SP500-55
20-Jun-23,338.93,338.93,335.03,335.33,335.33,"101,173,300",^SP500-55
16-Jun-23,338.46,342.06,338.22,339.29,339.29,"196,321,200",^SP500-55
15-Jun-23,335.39,338.3,334.53,337.51,337.51,"100,824,800",^SP500-55
14-Jun-23,335.47,337.92,333.36,333.98,333.98,"95,421,500",^SP500-55
13-Jun-23,332.16,335.37,331.85,334.21,334.21,"89,433,500",^SP500-55
12-Jun-23,335.96,336.02,333.05,334.42,334.42,"82,951,000",^SP500-55
9-Jun-23,337.29,337.3,334.81,334.98,334.98,"84,910,300",^SP500-55
8-Jun-23,335.2,337.4,332.95,336.93,336.93,"118,042,100",^SP500-55
7-Jun-23,330.67,336.31,328.26,335.56,335.56,"115,710,400",^SP500-55
6-Jun-23,331.4,332.37,329.19,329.95,329.95,"104,625,400",^SP500-55
5-Jun-23,329.49,333.74,328.72,330.17,330.17,"84,905,200",^SP500-55
2-Jun-23,323.73,329.91,322.99,328.7,328.7,"117,529,000",^SP500-55
1-Jun-23,328.3,328.43,323.27,325.4,325.4,"129,597,900",^SP500-55
31-May-23,325.31,329.35,323,327.97,327.97,"182,053,700",^SP500-55
30-May-23,326.58,328.37,324.47,324.86,324.86,"113,200,600",^SP500-55
26-May-23,325.94,326.39,322.96,326.13,326.13,"98,036,000",^SP500-55
25-May-23,330.08,330.08,324.25,326.45,326.45,"104,560,600",^SP500-55
24-May-23,332.83,333.67,330.48,331.01,331.01,"90,544,600",^SP500-55
23-May-23,333.14,336.43,332.39,333.1,333.1,"108,409,700",^SP500-55
22-May-23,335.33,336.73,333.18,334.24,334.24,"87,213,900",^SP500-55
19-May-23,336.16,338.11,334.04,334.15,334.15,"108,595,000",^SP500-55
18-May-23,333.51,335.04,331.89,334.71,334.71,"105,894,700",^SP500-55
17-May-23,337.74,338.15,334.5,335.92,335.92,"95,942,500",^SP500-55
16-May-23,345.04,345.15,336.98,337.12,337.12,"103,129,800",^SP500-55
15-May-23,350.72,351.13,343.57,345.04,345.04,"99,337,800",^SP500-55
12-May-23,349.74,351.54,347.31,349.38,349.38,"97,924,200",^SP500-55
11-May-23,350.74,351.55,346.28,347.84,347.84,"92,085,100",^SP500-55
10-May-23,350.77,352.69,348.32,351.86,351.86,"92,467,500",^SP500-55
9-May-23,348.39,349.53,346.19,348.57,348.57,"101,777,500",^SP500-55
8-May-23,349.82,352.4,348.12,349.28,349.28,"87,238,300",^SP500-55
5-May-23,347.23,351.2,347.03,350.42,350.42,"90,590,900",^SP500-55
4-May-23,346.1,349.45,342.96,348.11,348.11,"109,672,100",^SP500-55
3-May-23,348.57,350.18,345.21,345.58,345.58,"88,594,600",^SP500-55
2-May-23,351.25,351.25,344.69,346.67,346.67,"113,180,100",^SP500-55
1-May-23,349.59,354.27,349.42,350.98,350.98,"103,194,200",^SP500-55
28-Apr-23,350.17,352.35,348.17,350.26,350.26,"91,035,800",^SP500-55
27-Apr-23,347.82,351.19,347.55,350.94,350.94,"79,882,900",^SP500-55
26-Apr-23,352.29,353.52,346.45,346.78,346.78,"89,471,100",^SP500-55
25-Apr-23,354.61,357.07,354.18,355.2,355.2,"70,960,600",^SP500-55
24-Apr-23,353.76,356.12,351.6,355.54,355.54,"73,287,200",^SP500-55
21-Apr-23,355.06,356.05,351.73,353.78,353.78,"69,818,400",^SP500-55
20-Apr-23,352.87,353.92,350.75,352.72,352.72,"67,561,500",^SP500-55
19-Apr-23,350.99,353.81,350.59,352.91,352.91,"62,918,900",^SP500-55
18-Apr-23,351.78,352.74,348.84,350.17,350.17,"87,489,400",^SP500-55
17-Apr-23,350.84,352.48,348.45,351.97,351.97,"75,900,000",^SP500-55
14-Apr-23,350.9,352.03,348.42,349.97,349.97,"78,621,100",^SP500-55
13-Apr-23,352.26,354.92,347.3,353.91,353.91,"91,505,900",^SP500-55
12-Apr-23,354.94,356.46,352.77,353.83,353.83,"123,883,900",^SP500-55
11-Apr-23,353.73,355.24,352.56,354.24,354.24,"72,445,800",^SP500-55
10-Apr-23,352.75,354.04,349.19,354.01,354.01,"70,140,500",^SP500-55
6-Apr-23,354.21,355.27,351.16,354.72,354.72,"90,093,400",^SP500-55
5-Apr-23,345.29,353.15,345.29,352.13,352.13,"97,697,800",^SP500-55
4-Apr-23,341.59,343.88,340.51,343.3,343.3,"80,518,500",^SP500-55
3-Apr-23,342.19,344.06,339.7,341.52,341.52,"95,769,200",^SP500-55
31-Mar-23,342.24,344.05,340.57,344.01,344.01,"111,865,500",^SP500-55
30-Mar-23,340.97,343.02,339.49,341.42,341.42,"89,488,800",^SP500-55
29-Mar-23,337.07,340.52,337.07,340.04,340.04,"88,455,100",^SP500-55
28-Mar-23,333.96,338.63,333.73,335.22,335.22,"74,821,600",^SP500-55
27-Mar-23,335.18,337.11,333.33,334.24,334.24,"88,039,100",^SP500-55
24-Mar-23,324.17,333.86,323.94,333.82,333.82,"88,439,900",^SP500-55
23-Mar-23,326.38,330.22,322.13,323.73,323.73,"103,297,200",^SP500-55
22-Mar-23,332.76,334.78,326.98,327.02,327.02,"99,530,500",^SP500-55
21-Mar-23,340.77,341.06,329.16,333.62,333.62,"114,498,100",^SP500-55
20-Mar-23,339.04,341.59,338.66,340.62,340.62,"110,589,500",^SP500-55
17-Mar-23,340.32,341.01,335.43,337.87,337.87,"216,477,900",^SP500-55
16-Mar-23,337.64,343.24,336.55,341.2,341.2,"122,858,800",^SP500-55
15-Mar-23,333.31,340.91,331.92,338.93,338.93,"131,370,900",^SP500-55
14-Mar-23,332.39,337.05,331.23,334.46,334.46,"114,762,500",^SP500-55
13-Mar-23,324.89,337.43,324.45,330.22,330.22,"125,694,200",^SP500-55
10-Mar-23,331.51,331.79,323.64,325.2,325.2,"102,460,700",^SP500-55
9-Mar-23,334,337.12,329.4,330.48,330.48,"85,884,900",^SP500-55
8-Mar-23,330.66,333.93,329.41,333.28,333.28,"84,646,300",^SP500-55
7-Mar-23,336.46,337.39,329.22,330.71,330.71,"98,861,700",^SP500-55
6-Mar-23,334.62,337.14,334.52,336.28,336.28,"102,600,200",^SP500-55
3-Mar-23,330.37,334.86,327.28,334.84,334.84,"109,417,000",^SP500-55
2-Mar-23,322.82,329.23,322.12,329.05,329.05,"109,796,300",^SP500-55
1-Mar-23,326.46,327.06,321.65,323.16,323.16,"119,812,700",^SP500-55
28-Feb-23,332.76,334.65,328.68,328.82,328.82,"144,814,500",^SP500-55
27-Feb-23,338.35,341.67,333.89,334.59,334.59,"103,016,500",^SP500-55
24-Feb-23,334.09,338.33,332.83,337.17,337.17,"107,609,600",^SP500-55
23-Feb-23,339.85,340.23,335.72,337.24,337.24,"111,973,500",^SP500-55
22-Feb-23,340.14,342.83,338.07,338.88,338.88,"94,318,300",^SP500-55
21-Feb-23,344.24,344.69,340.08,340.31,340.31,"96,408,600",^SP500-55
17-Feb-23,343.81,348.33,341.54,346.85,346.85,"112,310,500",^SP500-55
16-Feb-23,342.33,344.96,339.75,343.42,343.42,"94,386,300",^SP500-55
15-Feb-23,342.4,346.53,342.4,346.29,346.29,"83,910,900",^SP500-55
14-Feb-23,345.29,347.58,342.36,344.09,344.09,"75,563,300",^SP500-55
13-Feb-23,344.18,346.55,343.97,345.75,345.75,"68,603,400",^SP500-55
10-Feb-23,338.07,343.97,337.11,343.74,343.74,"81,346,600",^SP500-55
9-Feb-23,342.71,344.39,336.49,336.99,336.99,"99,293,900",^SP500-55
8-Feb-23,345.92,345.92,340.28,341.81,341.81,"91,823,700",^SP500-55
7-Feb-23,346.23,348.85,343.07,347.76,347.76,"91,074,200",^SP500-55
6-Feb-23,343.97,348.21,343.18,348.04,348.04,"85,217,500",^SP500-55
*Close price adjusted for splits.,^SP500-55,,,,,,
^SP500-25,,,,,,,
29-Jun-23,"1,313.45","1,317.02","1,305.03","1,312.58","1,312.58","415,191,600",^SP500-25
28-Jun-23,"1,306.00","1,323.32","1,306.00","1,311.84","1,311.84","515,314,000",^SP500-25
27-Jun-23,"1,290.42","1,311.39","1,288.36","1,308.58","1,308.58","454,548,300",^SP500-25
26-Jun-23,"1,291.60","1,309.98","1,281.88","1,282.20","1,282.20","523,905,700",^SP500-25
23-Jun-23,"1,299.39","1,310.36","1,293.00","1,298.40","1,298.40","556,790,400",^SP500-25
22-Jun-23,"1,286.90","1,312.91","1,285.19","1,312.91","1,312.91","444,160,300",^SP500-25
21-Jun-23,"1,308.71","1,311.95","1,290.64","1,293.07","1,293.07","473,580,900",^SP500-25
20-Jun-23,"1,295.32","1,309.85","1,292.37","1,308.39","1,308.39","453,559,700",^SP500-25
16-Jun-23,"1,309.45","1,310.06","1,297.96","1,298.65","1,298.65","610,126,300",^SP500-25
15-Jun-23,"1,281.80","1,305.70","1,278.47","1,301.04","1,301.04","494,538,800",^SP500-25
14-Jun-23,"1,295.86","1,299.41","1,275.46","1,292.23","1,292.23","508,152,400",^SP500-25
13-Jun-23,"1,292.28","1,294.55","1,280.39","1,293.65","1,293.65","494,163,200",^SP500-25
12-Jun-23,"1,267.53","1,282.99","1,263.15","1,280.79","1,280.79","535,114,300",^SP500-25
9-Jun-23,"1,267.75","1,276.09","1,256.37","1,258.94","1,258.94","499,413,600",^SP500-25
8-Jun-23,"1,237.53","1,256.20","1,235.85","1,253.45","1,253.45","459,777,400",^SP500-25
7-Jun-23,"1,253.72","1,257.20","1,231.87","1,234.14","1,234.14","586,192,800",^SP500-25
6-Jun-23,"1,231.65","1,246.86","1,230.36","1,245.44","1,245.44","440,637,400",^SP500-25
5-Jun-23,"1,229.05","1,237.08","1,226.03","1,233.19","1,233.19","404,049,700",^SP500-25
2-Jun-23,"1,216.52","1,233.86","1,215.62","1,228.92","1,228.92","504,859,700",^SP500-25
1-Jun-23,"1,187.38","1,208.08","1,179.44","1,202.50","1,202.50","475,276,600",^SP500-25
31-May-23,"1,190.83","1,193.61","1,171.97","1,188.04","1,188.04","633,997,200",^SP500-25
30-May-23,"1,204.15","1,208.27","1,191.68","1,199.02","1,199.02","457,283,400",^SP500-25
26-May-23,"1,166.58","1,199.69","1,166.58","1,190.01","1,190.01","550,132,400",^SP500-25
25-May-23,"1,172.10","1,172.10","1,158.78","1,162.34","1,162.34","400,128,200",^SP500-25
24-May-23,"1,169.40","1,174.42","1,159.17","1,168.38","1,168.38","450,275,100",^SP500-25
23-May-23,"1,171.45","1,187.33","1,169.21","1,171.09","1,171.09","479,909,400",^SP500-25
22-May-23,"1,187.66","1,189.30","1,177.39","1,181.37","1,181.37","421,605,700",^SP500-25
19-May-23,"1,192.84","1,193.54","1,180.43","1,185.73","1,185.73","416,353,500",^SP500-25
18-May-23,"1,181.31","1,196.32","1,180.53","1,195.75","1,195.75","385,499,700",^SP500-25
17-May-23,"1,162.45","1,178.71","1,161.31","1,177.59","1,177.59","459,451,100",^SP500-25
16-May-23,"1,150.12","1,164.49","1,148.49","1,154.05","1,154.05","403,652,800",^SP500-25
15-May-23,"1,156.67","1,159.80","1,146.78","1,156.98","1,156.98","371,918,400",^SP500-25
12-May-23,"1,170.22","1,172.00","1,148.37","1,155.36","1,155.36","406,090,700",^SP500-25
11-May-23,"1,161.44","1,167.13","1,156.18","1,165.73","1,165.73","367,168,500",^SP500-25
10-May-23,"1,162.84","1,168.95","1,146.27","1,159.34","1,159.34","416,534,100",^SP500-25
9-May-23,"1,146.54","1,152.79","1,143.98","1,152.10","1,152.10","318,003,800",^SP500-25
8-May-23,"1,151.54","1,152.31","1,144.32","1,151.90","1,151.90","374,110,900",^SP500-25
5-May-23,"1,134.49","1,150.01","1,133.96","1,148.40","1,148.40","430,867,900",^SP500-25
4-May-23,"1,135.69","1,139.12","1,124.22","1,125.90","1,125.90","436,724,100",^SP500-25
3-May-23,"1,139.08","1,152.60","1,132.79","1,133.79","1,133.79","469,259,100",^SP500-25
2-May-23,"1,137.87","1,144.30","1,128.72","1,141.94","1,141.94","480,025,200",^SP500-25
1-May-23,"1,150.07","1,151.56","1,138.58","1,140.15","1,140.15","457,951,700",^SP500-25
28-Apr-23,"1,148.64","1,154.75","1,134.41","1,152.42","1,152.42","484,655,700",^SP500-25
27-Apr-23,"1,132.38","1,154.17","1,129.53","1,152.85","1,152.85","499,102,800",^SP500-25
26-Apr-23,"1,132.18","1,136.79","1,119.64","1,121.81","1,121.81","458,864,600",^SP500-25
25-Apr-23,"1,141.78","1,143.64","1,125.90","1,126.10","1,126.10","428,072,400",^SP500-25
24-Apr-23,"1,152.79","1,159.49","1,139.30","1,149.64","1,149.64","409,926,000",^SP500-25
21-Apr-23,"1,146.60","1,155.33","1,138.09","1,150.47","1,150.47","398,792,500",^SP500-25
20-Apr-23,"1,135.47","1,146.45","1,130.51","1,136.78","1,136.78","530,689,300",^SP500-25
19-Apr-23,"1,143.52","1,160.36","1,142.74","1,153.85","1,153.85","379,921,500",^SP500-25
18-Apr-23,"1,158.31","1,160.58","1,148.93","1,153.59","1,153.59","304,743,500",^SP500-25
17-Apr-23,"1,148.98","1,154.86","1,141.45","1,152.15","1,152.15","328,618,600",^SP500-25
14-Apr-23,"1,140.59","1,151.12","1,134.86","1,144.40","1,144.40","320,014,700",^SP500-25
13-Apr-23,"1,125.71","1,144.03","1,122.27","1,142.93","1,142.93","404,531,600",^SP500-25
12-Apr-23,"1,142.90","1,143.76","1,115.97","1,117.09","1,117.09","423,245,400",^SP500-25
11-Apr-23,"1,134.72","1,141.09","1,129.80","1,134.57","1,134.57","391,019,000",^SP500-25
10-Apr-23,"1,118.59","1,134.41","1,111.15","1,134.39","1,134.39","378,196,800",^SP500-25
6-Apr-23,"1,124.01","1,131.13","1,113.52","1,129.59","1,129.59","338,390,600",^SP500-25
5-Apr-23,"1,148.78","1,148.78","1,126.71","1,129.03","1,129.03","373,252,000",^SP500-25
4-Apr-23,"1,157.58","1,159.69","1,142.32","1,152.52","1,152.52","383,137,400",^SP500-25
3-Apr-23,"1,153.09","1,158.53","1,145.53","1,153.35","1,153.35","425,524,200",^SP500-25
31-Mar-23,"1,140.01","1,164.49","1,140.01","1,163.98","1,163.98","464,824,400",^SP500-25
30-Mar-23,"1,134.59","1,140.16","1,129.80","1,134.30","1,134.30","373,828,700",^SP500-25
29-Mar-23,"1,115.08","1,124.78","1,111.68","1,124.22","1,124.22","404,162,200",^SP500-25
28-Mar-23,"1,105.39","1,107.09","1,095.66","1,103.20","1,103.20","362,332,600",^SP500-25
27-Mar-23,"1,112.56","1,116.72","1,099.94","1,104.44","1,104.44","450,890,800",^SP500-25
24-Mar-23,"1,101.77","1,104.29","1,088.79","1,102.47","1,102.47","425,678,100",^SP500-25
23-Mar-23,"1,119.67","1,128.38","1,095.45","1,106.39","1,106.39","475,469,500",^SP500-25
22-Mar-23,"1,133.75","1,140.78","1,106.79","1,106.94","1,106.94","474,063,800",^SP500-25
21-Mar-23,"1,114.70","1,133.37","1,114.10","1,131.84","1,131.84","477,575,900",^SP500-25
20-Mar-23,"1,094.69","1,107.88","1,088.13","1,101.95","1,101.95","455,836,300",^SP500-25
17-Mar-23,"1,110.12","1,112.33","1,088.57","1,097.66","1,097.66","794,193,200",^SP500-25
16-Mar-23,"1,086.45","1,116.09","1,084.31","1,111.48","1,111.48","510,588,900",^SP500-25
15-Mar-23,"1,078.75","1,091.96","1,071.31","1,090.94","1,090.94","565,312,300",^SP500-25
14-Mar-23,"1,088.01","1,096.02","1,079.51","1,093.24","1,093.24","512,782,000",^SP500-25
13-Mar-23,"1,058.70","1,088.23","1,053.27","1,074.90","1,074.90","599,859,300",^SP500-25
10-Mar-23,"1,086.93","1,097.82","1,068.92","1,072.43","1,072.43","547,276,800",^SP500-25
9-Mar-23,"1,108.97","1,118.77","1,081.95","1,083.03","1,083.03","486,712,100",^SP500-25
8-Mar-23,"1,108.91","1,110.17","1,098.47","1,109.19","1,109.19","400,947,400",^SP500-25
7-Mar-23,"1,127.33","1,131.15","1,111.59","1,112.05","1,112.05","404,663,900",^SP500-25
6-Mar-23,"1,137.34","1,142.43","1,127.19","1,127.45","1,127.45","403,764,000",^SP500-25
3-Mar-23,"1,121.45","1,137.50","1,119.06","1,135.50","1,135.50","454,523,300",^SP500-25
2-Mar-23,"1,095.80","1,113.49","1,094.96","1,111.95","1,111.95","489,167,900",^SP500-25
1-Mar-23,"1,127.48","1,129.46","1,109.33","1,115.49","1,115.49","483,868,000",^SP500-25
28-Feb-23,"1,131.24","1,138.14","1,125.43","1,130.01","1,130.01","570,430,700",^SP500-25
27-Feb-23,"1,130.60","1,139.12","1,126.36","1,130.63","1,130.63","435,749,900",^SP500-25
24-Feb-23,"1,114.47","1,119.23","1,108.13","1,117.47","1,117.47","419,109,200",^SP500-25
23-Feb-23,"1,139.81","1,140.35","1,116.17","1,135.21","1,135.21","451,488,000",^SP500-25
22-Feb-23,"1,133.00","1,143.52","1,128.16","1,136.21","1,136.21","480,704,500",^SP500-25
21-Feb-23,"1,147.89","1,154.74","1,130.19","1,130.38","1,130.38","484,993,100",^SP500-25
17-Feb-23,"1,163.40","1,169.68","1,149.63","1,169.45","1,169.45","504,557,600",^SP500-25
16-Feb-23,"1,178.91","1,193.14","1,168.82","1,168.99","1,168.99","509,348,000",^SP500-25
15-Feb-23,"1,178.59","1,194.90","1,173.42","1,194.85","1,194.85","449,215,400",^SP500-25
14-Feb-23,"1,158.64","1,183.62","1,151.98","1,181.11","1,181.11","510,872,600",^SP500-25
13-Feb-23,"1,150.07","1,167.66","1,143.03","1,167.37","1,167.37","459,994,500",^SP500-25
10-Feb-23,"1,153.90","1,159.37","1,141.20","1,150.55","1,150.55","516,382,100",^SP500-25
9-Feb-23,"1,182.95","1,190.31","1,159.20","1,164.75","1,164.75","570,252,500",^SP500-25
8-Feb-23,"1,172.93","1,176.51","1,159.62","1,167.17","1,167.17","503,661,900",^SP500-25
7-Feb-23,"1,169.08","1,180.72","1,148.23","1,177.70","1,177.70","603,322,400",^SP500-25
6-Feb-23,"1,173.03","1,182.26","1,165.53","1,175.12","1,175.12","506,322,800",^SP500-25
*Close price adjusted for splits.,^SP500-25,,,,,,
^SP500-30,,,,,,,
29-Jun-23,769.89,772.76,766.55,771.63,771.63,"150,696,700",^SP500-30
28-Jun-23,775.13,775.13,768.84,772.81,772.81,"157,821,400",^SP500-30
27-Jun-23,774.05,778.14,773.23,777.41,777.41,"166,035,700",^SP500-30
26-Jun-23,774,775.59,768.94,774.79,774.79,"127,727,200",^SP500-30
23-Jun-23,779.34,779.47,773.95,774.52,774.52,"215,967,500",^SP500-30
22-Jun-23,779.75,779.97,776.2,779.13,779.13,"124,271,600",^SP500-30
21-Jun-23,771.68,777.48,769.27,775.15,775.15,"141,928,700",^SP500-30
20-Jun-23,778.66,779.31,772.12,772.16,772.16,"142,781,400",^SP500-30
16-Jun-23,779.44,782.24,777.5,777.99,777.99,"243,911,500",^SP500-30
15-Jun-23,772.81,779.5,771.35,777.63,777.63,"164,589,100",^SP500-30
14-Jun-23,768.71,772.97,767.12,770.46,770.46,"155,780,100",^SP500-30
13-Jun-23,762.14,767.32,761.28,766.19,766.19,"137,310,000",^SP500-30
12-Jun-23,764.01,764.5,759.2,763,763,"142,537,200",^SP500-30
9-Jun-23,762.04,765.14,760,762.95,762.95,"123,543,800",^SP500-30
8-Jun-23,758.5,764.03,757.8,763.84,763.84,"126,987,400",^SP500-30
7-Jun-23,756.93,760.33,753.97,758.22,758.22,"172,033,400",^SP500-30
6-Jun-23,765.07,766.12,756.27,760.72,760.72,"132,034,300",^SP500-30
5-Jun-23,766.23,771.13,762.9,764.31,764.31,"125,725,800",^SP500-30
2-Jun-23,757.23,767.4,756.84,766.99,766.99,"153,846,000",^SP500-30
1-Jun-23,756.05,757.81,752.7,756.44,756.44,"176,818,800",^SP500-30
31-May-23,757.32,761.36,753.47,757.09,757.09,"363,996,600",^SP500-30
30-May-23,760.46,762.27,754.13,756.55,756.55,"164,164,200",^SP500-30
26-May-23,761.29,765.94,758.95,764.84,764.84,"147,625,000",^SP500-30
25-May-23,762.06,764.78,756.94,762.16,762.16,"165,712,800",^SP500-30
24-May-23,773.43,773.68,767.33,768.05,768.05,"128,804,700",^SP500-30
23-May-23,776.58,776.58,771.93,773.06,773.06,"137,650,500",^SP500-30
22-May-23,789.8,789.8,777.94,778.59,778.59,"134,853,500",^SP500-30
19-May-23,791.76,792.19,786.98,790.19,790.19,"133,463,700",^SP500-30
18-May-23,790.71,792.12,785.15,790.14,790.14,"142,190,900",^SP500-30
17-May-23,796.1,796.53,788.96,793.66,793.66,"134,992,700",^SP500-30
16-May-23,798.98,799.71,793.23,794.47,794.47,"121,077,400",^SP500-30
15-May-23,805.67,805.92,798.11,801.49,801.49,"107,382,700",^SP500-30
12-May-23,800.86,803.9,799.7,803.68,803.68,"106,434,800",^SP500-30
11-May-23,798.79,801.15,793.75,800.82,800.82,"107,415,600",^SP500-30
10-May-23,800.58,803.21,792.7,798.32,798.32,"127,019,500",^SP500-30
9-May-23,801.05,801.97,797.97,799.5,799.5,"116,585,500",^SP500-30
8-May-23,802.17,802.68,799.02,801.94,801.94,"130,652,100",^SP500-30
5-May-23,797.12,804.55,796.91,803.74,803.74,"120,456,200",^SP500-30
4-May-23,800.28,800.41,794,796.63,796.63,"137,327,000",^SP500-30
3-May-23,803.14,805.81,798.65,798.98,798.98,"172,357,900",^SP500-30
2-May-23,807,807.4,797.12,805.32,805.32,"144,457,300",^SP500-30
1-May-23,806.85,811.16,805.74,807.92,807.92,"118,634,200",^SP500-30
28-Apr-23,804.52,808.53,803.61,807.2,807.2,"163,299,200",^SP500-30
27-Apr-23,794.14,803.88,794.14,803.31,803.31,"131,760,100",^SP500-30
26-Apr-23,796.85,800.22,794.4,795.05,795.05,"116,318,000",^SP500-30
25-Apr-23,802.96,807.19,800.19,800.94,800.94,"132,248,000",^SP500-30
24-Apr-23,799.89,802.51,799.47,801.87,801.87,"110,262,900",^SP500-30
21-Apr-23,799.42,802.85,796.93,798.68,798.68,"139,722,000",^SP500-30
20-Apr-23,788.81,794.81,788.67,792.75,792.75,"118,291,100",^SP500-30
19-Apr-23,794.11,794.62,790.36,792.29,792.29,"97,659,000",^SP500-30
18-Apr-23,790.44,793.36,787.87,792.68,792.68,"96,598,700",^SP500-30
17-Apr-23,787.67,790.14,785.82,790.1,790.1,"100,012,700",^SP500-30
14-Apr-23,788.35,791.42,783.26,785.47,785.47,"100,713,800",^SP500-30
13-Apr-23,786.56,790.64,782.77,790.06,790.06,"112,266,900",^SP500-30
12-Apr-23,788.74,791.9,784.83,785.7,785.7,"115,804,400",^SP500-30
11-Apr-23,788.44,791.45,788.16,789.24,789.24,"110,612,000",^SP500-30
10-Apr-23,784.46,787.36,780.04,787.34,787.34,"100,824,500",^SP500-30
6-Apr-23,784.89,788.89,782.72,787.45,787.45,"119,058,000",^SP500-30
5-Apr-23,785.28,789.72,785.28,786.82,786.82,"148,120,500",^SP500-30
4-Apr-23,784.63,787.22,781.03,782.48,782.48,"124,072,600",^SP500-30
3-Apr-23,781.06,785.93,778.24,784.39,784.39,"134,802,900",^SP500-30
31-Mar-23,777.72,780.43,776.75,780.38,780.38,"140,006,300",^SP500-30
30-Mar-23,774.22,775.99,771.47,773.93,773.93,"114,300,800",^SP500-30
29-Mar-23,771.44,771.74,769.34,771.29,771.29,"115,660,000",^SP500-30
28-Mar-23,766.2,771.2,766.01,767.18,767.18,"120,808,600",^SP500-30
27-Mar-23,764.8,768.98,764.8,765.48,765.48,"131,509,700",^SP500-30
24-Mar-23,750.92,761.96,750.65,761.34,761.34,"131,464,800",^SP500-30
23-Mar-23,753.13,756.38,746.26,749.13,749.13,"149,371,800",^SP500-30
22-Mar-23,759.96,763.71,752.31,752.38,752.38,"126,338,600",^SP500-30
21-Mar-23,763.1,763.41,754.63,759.84,759.84,"140,404,800",^SP500-30
20-Mar-23,753.8,761.28,753.8,760.78,760.78,"148,400,300",^SP500-30
17-Mar-23,754.91,755.03,746.65,750.63,750.63,"277,877,400",^SP500-30
16-Mar-23,754.24,756.02,750.08,755.19,755.19,"142,661,600",^SP500-30
15-Mar-23,745.98,756.48,744.59,755.75,755.75,"156,832,300",^SP500-30
14-Mar-23,746.79,751.29,743.79,750.65,750.65,"142,676,300",^SP500-30
13-Mar-23,740.56,755.65,740.56,744.68,744.68,"159,935,700",^SP500-30
10-Mar-23,746.14,748.91,738.23,741.17,741.17,"119,123,700",^SP500-30
9-Mar-23,754.76,755.31,742.54,744.56,744.56,"111,493,700",^SP500-30
8-Mar-23,750.47,752.37,747.12,751.67,751.67,"108,134,000",^SP500-30
7-Mar-23,758.94,760.78,749.33,750.78,750.78,"121,265,300",^SP500-30
6-Mar-23,753.87,759.03,753.74,758.17,758.17,"113,595,000",^SP500-30
3-Mar-23,754.61,756.5,749.13,755.69,755.69,"110,100,900",^SP500-30
2-Mar-23,745.46,756.77,744.86,755.09,755.09,"116,296,900",^SP500-30
1-Mar-23,749.12,750,740.32,746.03,746.03,"120,357,100",^SP500-30
28-Feb-23,753.96,755.86,751.09,751.73,751.73,"153,512,100",^SP500-30
27-Feb-23,762.23,764.16,755.9,757.41,757.41,"103,971,200",^SP500-30
24-Feb-23,758.55,759.88,753.78,758.81,758.81,"94,644,700",^SP500-30
23-Feb-23,765.66,767.3,758.8,763.31,763.31,"100,592,200",^SP500-30
22-Feb-23,767.98,772.45,762.96,764.96,764.96,"117,052,900",^SP500-30
21-Feb-23,765.69,770.81,762.69,767.01,767.01,"141,715,300",^SP500-30
17-Feb-23,760.04,769.9,759.59,769.6,769.6,"126,658,200",^SP500-30
16-Feb-23,760.54,764.57,755.84,759.8,759.8,"114,767,700",^SP500-30
15-Feb-23,762.94,765.96,759.66,765.89,765.89,"100,535,400",^SP500-30
14-Feb-23,771.06,771.26,762.05,764.47,764.47,"112,678,200",^SP500-30
13-Feb-23,764.99,771.77,764.99,771.64,771.64,"105,927,100",^SP500-30
10-Feb-23,757.28,763.09,753.96,762.7,762.7,"116,012,500",^SP500-30
9-Feb-23,763.37,764.94,754.59,755.67,755.67,"113,095,300",^SP500-30
8-Feb-23,760.7,761.19,756.99,757.91,757.91,"105,709,900",^SP500-30
7-Feb-23,761.07,765.51,756.35,764.28,764.28,"125,719,200",^SP500-30
6-Feb-23,766.19,768.41,764.36,767.03,767.03,"123,002,300",^SP500-30
*Close price adjusted for splits.,^SP500-30,,,,,,
^SP500-50,,,,,,,
29-Jun-23,215.31,215.35,213.42,213.95,213.95,"183,442,400",^SP500-50
28-Jun-23,213.6,215.94,212.51,215.31,215.31,"199,189,300",^SP500-50
27-Jun-23,211.23,214.63,210.45,213.6,213.6,"251,393,900",^SP500-50
26-Jun-23,215.28,215.65,211.11,211.23,211.23,"229,908,700",^SP500-50
23-Jun-23,215.81,215.94,213.34,215.28,215.28,"324,621,600",^SP500-50
22-Jun-23,213.36,215.86,211.37,215.81,215.81,"199,764,900",^SP500-50
21-Jun-23,216.29,216.29,212.68,213.36,213.36,"250,334,700",^SP500-50
20-Jun-23,216.92,217.37,214.44,216.29,216.29,"235,114,400",^SP500-50
16-Jun-23,219.12,220.07,216.66,216.92,216.92,"515,710,200",^SP500-50
15-Jun-23,215.8,219.84,214.45,219.12,219.12,"283,130,000",^SP500-50
14-Jun-23,215.52,217.03,213.31,215.8,215.8,"256,554,400",^SP500-50
13-Jun-23,214.93,217.36,214.67,215.52,215.52,"234,311,300",^SP500-50
12-Jun-23,212.39,215.16,212.39,214.93,214.93,"222,811,100",^SP500-50
9-Jun-23,212.11,214.12,211.81,212.39,212.39,"233,042,000",^SP500-50
8-Jun-23,211.55,213.01,210.31,212.11,212.11,"253,397,800",^SP500-50
7-Jun-23,215.58,218.09,211.23,211.55,211.55,"357,042,600",^SP500-50
6-Jun-23,214.52,216.77,213.86,215.58,215.58,"239,226,900",^SP500-50
5-Jun-23,213.29,216.49,212.97,214.52,214.52,"275,562,000",^SP500-50
2-Jun-23,213.08,214.25,211.64,213.29,213.29,"426,675,800",^SP500-50
1-Jun-23,210.66,213.35,210.66,213.08,213.08,"274,034,300",^SP500-50
31-May-23,210.77,211.38,209.22,210.66,210.66,"475,180,900",^SP500-50
30-May-23,210.92,212.64,209.39,210.77,210.77,"290,422,500",^SP500-50
26-May-23,207.37,211.14,206.53,210.92,210.92,"307,898,400",^SP500-50
25-May-23,206.48,209.82,206.39,207.37,207.37,"399,977,700",^SP500-50
24-May-23,207.14,207.45,205.2,206.48,206.48,"253,331,100",^SP500-50
23-May-23,210.85,210.9,207.73,207.73,207.73,"272,091,700",^SP500-50
22-May-23,208.37,212.5,208.37,210.85,210.85,"263,667,000",^SP500-50
19-May-23,209.44,211.69,207.61,208.41,208.41,"270,577,000",^SP500-50
18-May-23,205.76,209.72,205.76,209.44,209.44,"296,537,700",^SP500-50
17-May-23,203.36,206.72,203.08,205.76,205.76,"240,546,600",^SP500-50
16-May-23,202.16,204.4,201.37,203.36,203.36,"259,693,800",^SP500-50
15-May-23,202.22,203.36,201.6,202.16,202.16,"253,137,200",^SP500-50
12-May-23,201.84,202.71,201,202.22,202.22,"261,151,000",^SP500-50
11-May-23,200.05,203.18,199.39,201.84,201.84,"369,363,900",^SP500-50
10-May-23,195.26,199.39,194.78,198.56,198.56,"315,425,700",^SP500-50
9-May-23,196.28,197.6,195.07,195.26,195.26,"248,367,100",^SP500-50
8-May-23,193.81,196.63,193.44,196.28,196.28,"221,504,800",^SP500-50
5-May-23,191.9,194.24,191.17,193.81,193.81,"294,053,800",^SP500-50
4-May-23,194.34,194.34,191.65,191.9,191.9,"301,304,200",^SP500-50
3-May-23,194.67,197.26,194.12,194.34,194.34,"234,571,000",^SP500-50
2-May-23,198.2,198.2,193.29,194.67,194.67,"243,498,200",^SP500-50
1-May-23,198.35,199.13,196.98,198.2,198.2,"225,739,000",^SP500-50
28-Apr-23,197.28,198.37,195.46,198.35,198.35,"280,041,100",^SP500-50
27-Apr-23,186.95,198.03,186.95,197.28,197.28,"357,683,200",^SP500-50
26-Apr-23,188.12,190.37,186.69,186.95,186.95,"336,059,700",^SP500-50
25-Apr-23,191.14,191.14,188.1,188.12,188.12,"272,478,600",^SP500-50
24-Apr-23,191.16,192.32,190.05,191.14,191.14,"240,712,300",^SP500-50
21-Apr-23,190.55,191.44,189.63,191.16,191.16,"266,203,700",^SP500-50
20-Apr-23,192.02,192.36,189.83,190.55,190.55,"325,266,100",^SP500-50
19-Apr-23,193.42,193.42,190.87,192.02,192.02,"214,392,900",^SP500-50
18-Apr-23,194.68,195.66,193.13,193.42,193.42,"200,439,700",^SP500-50
17-Apr-23,197.18,197.18,193.2,194.68,194.68,"205,357,100",^SP500-50
14-Apr-23,196.57,197.25,195.02,197.18,197.18,"193,299,700",^SP500-50
13-Apr-23,192.09,196.61,192.09,196.57,196.57,"223,692,900",^SP500-50
12-Apr-23,193.82,195.78,191.89,192.09,192.09,"217,486,700",^SP500-50
11-Apr-23,194.65,195.52,193.6,193.82,193.82,"195,749,200",^SP500-50
10-Apr-23,196,196,192.67,194.65,194.65,"180,904,700",^SP500-50
6-Apr-23,192.71,196.69,191.28,196,196,"266,772,200",^SP500-50
5-Apr-23,193.13,194.06,191.45,192.71,192.71,"231,570,000",^SP500-50
4-Apr-23,192.54,193.86,191.91,193.13,193.13,"226,819,200",^SP500-50
3-Apr-23,191.53,192.69,189.67,192.54,192.54,"215,389,700",^SP500-50
31-Mar-23,187.63,191.67,187.63,191.53,191.53,"236,665,800",^SP500-50
30-Mar-23,187.03,187.82,186.43,187.63,187.63,"202,529,000",^SP500-50
29-Mar-23,184.84,187.22,184.84,187.03,187.03,"194,670,200",^SP500-50
28-Mar-23,186.74,186.74,183.74,184.84,184.84,"199,783,600",^SP500-50
27-Mar-23,188.77,188.99,185.96,186.74,186.74,"207,011,200",^SP500-50
24-Mar-23,188.27,188.96,186.53,188.77,188.77,"260,744,800",^SP500-50
23-Mar-23,184.88,189.85,184.88,188.27,188.27,"254,018,800",^SP500-50
22-Mar-23,187.93,190.4,184.85,184.88,184.88,"232,919,600",^SP500-50
21-Mar-23,183.44,188.25,183.44,187.93,187.93,"248,403,300",^SP500-50
20-Mar-23,182.56,184.05,181.49,183.44,183.44,"226,368,900",^SP500-50
17-Mar-23,183.43,184.79,181.54,182.56,182.56,"797,624,500",^SP500-50
16-Mar-23,178.48,183.66,177.6,183.43,183.43,"386,277,100",^SP500-50
15-Mar-23,175.84,179.03,173.6,178.48,178.48,"339,593,200",^SP500-50
14-Mar-23,171.13,176.09,171.13,175.84,175.84,"316,167,800",^SP500-50
13-Mar-23,170.71,173.38,168.18,171.13,171.13,"336,735,300",^SP500-50
10-Mar-23,173.18,173.82,170.01,170.71,170.71,"310,330,400",^SP500-50
9-Mar-23,177.12,178.73,172.56,173.18,173.18,"271,935,000",^SP500-50
8-Mar-23,176.78,178.34,176.19,177.12,177.12,"244,775,000",^SP500-50
7-Mar-23,178.83,179.98,176.32,176.78,176.78,"263,132,700",^SP500-50
6-Mar-23,178.02,181.04,178.02,178.83,178.83,"274,854,300",^SP500-50
3-Mar-23,174.36,178.2,174.36,178.02,178.02,"273,233,700",^SP500-50
2-Mar-23,172.47,174.77,171.4,174.36,174.36,"242,783,800",^SP500-50
1-Mar-23,173.53,174.22,172.19,172.47,172.47,"251,748,100",^SP500-50
28-Feb-23,173.11,174.83,172.89,173.53,173.53,"374,967,700",^SP500-50
27-Feb-23,172.39,174.47,172.39,173.11,173.11,"247,930,500",^SP500-50
24-Feb-23,174.89,174.89,171.2,172.39,172.39,"275,868,900",^SP500-50
23-Feb-23,176.05,176.22,172.91,174.89,174.89,"280,264,300",^SP500-50
22-Feb-23,176.14,176.97,175.12,176.05,176.05,"249,574,700",^SP500-50
21-Feb-23,180.01,180.01,176.07,176.14,176.14,"280,716,200",^SP500-50
17-Feb-23,181.12,181.12,178.28,180.27,180.27,"254,130,300",^SP500-50
16-Feb-23,183.97,183.97,180.3,181.12,181.12,"299,203,000",^SP500-50
15-Feb-23,181.85,183.99,180.55,183.97,183.97,"284,716,600",^SP500-50
14-Feb-23,181.84,182.19,178.9,181.85,181.85,"275,411,300",^SP500-50
13-Feb-23,179.86,182.31,179.86,181.84,181.84,"292,663,700",^SP500-50
10-Feb-23,181.47,182.4,179.46,179.86,179.86,"319,156,400",^SP500-50
9-Feb-23,186.69,188.95,180.59,181.47,181.47,"510,735,600",^SP500-50
8-Feb-23,194.74,194.74,185.06,186.69,186.69,"519,488,000",^SP500-50
7-Feb-23,190.03,195.55,189.54,194.74,194.74,"341,835,600",^SP500-50
6-Feb-23,192.55,192.55,188.76,190.03,190.03,"286,468,400",^SP500-50
*Close price adjusted for splits.,^SP500-50,,,,,,
^SP500-45,,,,,,,
29-Jun-23,"3,026.94","3,037.82","3,014.76","3,030.78","3,030.78","380,684,700",^SP500-45
28-Jun-23,"3,027.70","3,045.60","3,007.22","3,026.94","3,026.94","397,885,600",^SP500-45
27-Jun-23,"2,967.11","3,033.99","2,967.11","3,027.70","3,027.70","389,259,300",^SP500-45
26-Jun-23,"2,998.10","3,025.54","2,966.78","2,967.11","2,967.11","399,788,600",^SP500-45
23-Jun-23,"3,031.52","3,031.52","2,985.32","2,998.10","2,998.10","522,760,000",^SP500-45
22-Jun-23,"3,003.82","3,031.77","2,989.90","3,031.52","3,031.52","410,774,500",^SP500-45
21-Jun-23,"3,046.87","3,046.87","2,990.96","3,003.82","3,003.82","480,681,600",^SP500-45
20-Jun-23,"3,053.84","3,065.25","3,028.49","3,046.87","3,046.87","463,008,200",^SP500-45
16-Jun-23,"3,085.83","3,110.59","3,058.65","3,060.37","3,060.37","802,767,800",^SP500-45
15-Jun-23,"3,046.95","3,100.09","3,035.30","3,085.83","3,085.83","550,449,500",^SP500-45
14-Jun-23,"3,012.51","3,047.23","3,001.09","3,046.95","3,046.95","537,276,200",^SP500-45
13-Jun-23,"2,991.18","3,023.20","2,986.08","3,012.51","3,012.51","569,403,600",^SP500-45
12-Jun-23,"2,930.38","2,992.23","2,930.38","2,991.18","2,991.18","490,415,200",^SP500-45
9-Jun-23,"2,916.83","2,960.19","2,916.83","2,930.38","2,930.38","404,312,700",^SP500-45
8-Jun-23,"2,882.29","2,921.06","2,882.29","2,916.83","2,916.83","383,223,000",^SP500-45
7-Jun-23,"2,929.66","2,948.02","2,876.91","2,882.29","2,882.29","476,156,500",^SP500-45
6-Jun-23,"2,933.30","2,935.52","2,911.09","2,929.66","2,929.66","406,303,600",^SP500-45
5-Jun-23,"2,949.82","2,970.28","2,926.58","2,933.30","2,933.30","463,865,300",^SP500-45
2-Jun-23,"2,934.83","2,963.80","2,929.48","2,949.82","2,949.82","425,635,400",^SP500-45
1-Jun-23,"2,896.25","2,945.46","2,883.64","2,934.83","2,934.83","511,389,900",^SP500-45
31-May-23,"2,928.21","2,939.37","2,896.25","2,896.25","2,896.25","902,310,700",^SP500-45
30-May-23,"2,909.96","2,970.16","2,909.96","2,928.21","2,928.21","588,600,700",^SP500-45
26-May-23,"2,834.06","2,914.10","2,834.06","2,909.96","2,909.96","610,793,000",^SP500-45
25-May-23,"2,713.42","2,845.76","2,713.42","2,834.06","2,834.06","713,613,400",^SP500-45
24-May-23,"2,730.44","2,730.44","2,697.18","2,713.42","2,713.42","422,145,100",^SP500-45
23-May-23,"2,771.98","2,771.98","2,729.88","2,730.44","2,730.44","403,046,500",^SP500-45
22-May-23,"2,768.34","2,779.81","2,755.44","2,771.98","2,771.98","386,689,900",^SP500-45
19-May-23,"2,771.43","2,776.10","2,759.63","2,768.34","2,768.34","443,510,200",^SP500-45
18-May-23,"2,715.38","2,774.77","2,715.38","2,771.43","2,771.43","515,525,300",^SP500-45
17-May-23,"2,680.98","2,718.79","2,678.42","2,715.38","2,715.38","442,510,300",^SP500-45
16-May-23,"2,676.65","2,696.17","2,674.53","2,680.98","2,680.98","397,621,600",^SP500-45
15-May-23,"2,657.03","2,677.29","2,648.82","2,676.65","2,676.65","342,340,000",^SP500-45
12-May-23,"2,662.98","2,669.90","2,636.47","2,657.03","2,657.03","352,112,300",^SP500-45
11-May-23,"2,676.28","2,676.28","2,644.94","2,662.98","2,662.98","376,600,700",^SP500-45
10-May-23,"2,642.62","2,681.18","2,642.62","2,674.99","2,674.99","424,035,200",^SP500-45
9-May-23,"2,665.41","2,665.41","2,640.50","2,642.62","2,642.62","367,805,500",^SP500-45
8-May-23,"2,665.88","2,667.48","2,647.33","2,665.41","2,665.41","373,497,500",^SP500-45
5-May-23,"2,595.47","2,674.37","2,595.47","2,665.88","2,665.88","472,622,600",^SP500-45
4-May-23,"2,608.26","2,612.09","2,585.43","2,595.47","2,595.47","492,100,500",^SP500-45
3-May-23,"2,630.12","2,650.49","2,607.63","2,608.26","2,608.26","456,606,400",^SP500-45
2-May-23,"2,654.81","2,660.84","2,617.21","2,630.12","2,630.12","411,980,100",^SP500-45
1-May-23,"2,649.95","2,667.04","2,645.49","2,654.81","2,654.81","388,980,600",^SP500-45
28-Apr-23,"2,622.16","2,650.37","2,618.83","2,649.95","2,649.95","463,456,700",^SP500-45
27-Apr-23,"2,566.05","2,623.43","2,566.05","2,621.78","2,621.78","473,222,900",^SP500-45
26-Apr-23,"2,522.36","2,592.07","2,522.36","2,566.05","2,566.05","462,290,900",^SP500-45
25-Apr-23,"2,576.08","2,576.08","2,522.36","2,522.36","2,522.36","404,554,200",^SP500-45
24-Apr-23,"2,587.05","2,590.03","2,556.14","2,576.08","2,576.08","321,691,900",^SP500-45
21-Apr-23,"2,596.70","2,596.70","2,570.40","2,587.05","2,587.05","370,950,700",^SP500-45
20-Apr-23,"2,616.53","2,622.96","2,584.90","2,596.70","2,596.70","409,419,000",^SP500-45
19-Apr-23,"2,619.95","2,620.27","2,594.54","2,616.53","2,616.53","339,119,200",^SP500-45
18-Apr-23,"2,609.33","2,638.52","2,608.40","2,619.95","2,619.95","346,299,700",^SP500-45
17-Apr-23,"2,599.12","2,613.85","2,588.37","2,609.33","2,609.33","326,042,900",^SP500-45
14-Apr-23,"2,612.33","2,619.46","2,576.44","2,599.12","2,599.12","316,858,700",^SP500-45
13-Apr-23,"2,562.26","2,616.27","2,562.26","2,612.33","2,612.33","367,334,900",^SP500-45
12-Apr-23,"2,578.00","2,602.54","2,558.57","2,562.26","2,562.26","364,910,900",^SP500-45
11-Apr-23,"2,604.91","2,604.91","2,574.24","2,578.00","2,578.00","329,247,200",^SP500-45
10-Apr-23,"2,608.75","2,608.75","2,565.11","2,604.91","2,604.91","367,919,800",^SP500-45
6-Apr-23,"2,591.17","2,611.60","2,561.88","2,608.75","2,608.75","346,268,300",^SP500-45
5-Apr-23,"2,614.99","2,614.99","2,571.38","2,591.17","2,591.17","391,337,200",^SP500-45
4-Apr-23,"2,637.78","2,648.81","2,612.20","2,622.43","2,622.43","374,762,700",^SP500-45
3-Apr-23,"2,638.98","2,639.58","2,610.96","2,637.78","2,637.78","407,665,000",^SP500-45
31-Mar-23,"2,600.86","2,640.91","2,594.51","2,638.98","2,638.98","467,230,600",^SP500-45
30-Mar-23,"2,571.52","2,604.29","2,571.52","2,600.86","2,600.86","405,199,100",^SP500-45
29-Mar-23,"2,518.77","2,576.49","2,518.77","2,571.52","2,571.52","472,750,700",^SP500-45
28-Mar-23,"2,530.32","2,530.32","2,495.36","2,518.77","2,518.77","359,952,300",^SP500-45
27-Mar-23,"2,552.04","2,563.63","2,524.57","2,530.32","2,530.32","391,401,500",^SP500-45
24-Mar-23,"2,545.76","2,552.64","2,520.51","2,552.04","2,552.04","431,557,200",^SP500-45
23-Mar-23,"2,504.44","2,579.43","2,504.44","2,545.76","2,545.76","489,092,500",^SP500-45
22-Mar-23,"2,527.62","2,580.67","2,504.23","2,504.44","2,504.44","521,735,800",^SP500-45
21-Mar-23,"2,506.74","2,531.63","2,493.41","2,527.62","2,527.62","491,965,700",^SP500-45
20-Mar-23,"2,500.96","2,510.07","2,476.20","2,506.74","2,506.74","481,184,200",^SP500-45
17-Mar-23,"2,503.80","2,529.64","2,485.96","2,500.96","2,500.96","941,029,800",^SP500-45
16-Mar-23,"2,434.78","2,506.98","2,419.64","2,503.80","2,503.80","658,017,300",^SP500-45
15-Mar-23,"2,434.58","2,438.40","2,396.39","2,435.24","2,435.24","571,930,200",^SP500-45
14-Mar-23,"2,380.00","2,443.04","2,380.00","2,434.58","2,434.58","531,791,200",^SP500-45
13-Mar-23,"2,366.99","2,412.28","2,338.01","2,380.00","2,380.00","562,333,800",^SP500-45
10-Mar-23,"2,408.92","2,411.24","2,357.69","2,366.99","2,366.99","546,215,300",^SP500-45
9-Mar-23,"2,444.24","2,475.03","2,404.95","2,408.92","2,408.92","482,546,500",^SP500-45
8-Mar-23,"2,423.82","2,447.24","2,419.95","2,444.24","2,444.24","408,816,500",^SP500-45
7-Mar-23,"2,454.86","2,461.79","2,418.24","2,423.82","2,423.82","446,131,100",^SP500-45
6-Mar-23,"2,441.83","2,487.99","2,441.83","2,454.86","2,454.86","455,256,600",^SP500-45
3-Mar-23,"2,390.70","2,442.56","2,390.70","2,441.83","2,441.83","447,351,100",^SP500-45
2-Mar-23,"2,360.87","2,398.01","2,351.42","2,390.70","2,390.70","463,556,400",^SP500-45
1-Mar-23,"2,380.26","2,383.65","2,355.08","2,360.87","2,360.87","426,444,600",^SP500-45
28-Feb-23,"2,384.73","2,402.65","2,373.63","2,380.26","2,380.26","443,467,500",^SP500-45
27-Feb-23,"2,372.37","2,407.73","2,372.37","2,384.73","2,384.73","374,959,900",^SP500-45
24-Feb-23,"2,415.19","2,415.19","2,358.89","2,372.37","2,372.37","442,388,800",^SP500-45
23-Feb-23,"2,376.46","2,423.91","2,376.46","2,415.19","2,415.19","537,867,800",^SP500-45
22-Feb-23,"2,379.85","2,395.36","2,365.58","2,376.46","2,376.46","454,632,800",^SP500-45
21-Feb-23,"2,438.44","2,438.44","2,378.07","2,379.85","2,379.85","461,777,400",^SP500-45
17-Feb-23,"2,467.90","2,467.90","2,416.73","2,438.44","2,438.44","426,364,700",^SP500-45
16-Feb-23,"2,511.94","2,511.94","2,467.08","2,467.90","2,467.90","458,711,600",^SP500-45
15-Feb-23,"2,502.34","2,512.41","2,480.25","2,511.94","2,511.94","412,516,900",^SP500-45
14-Feb-23,"2,491.47","2,514.87","2,464.46","2,502.34","2,502.34","471,536,300",^SP500-45
13-Feb-23,"2,448.02","2,496.45","2,448.02","2,491.47","2,491.47","452,864,300",^SP500-45
10-Feb-23,"2,461.49","2,461.49","2,425.89","2,448.02","2,448.02","457,832,600",^SP500-45
9-Feb-23,"2,473.94","2,516.28","2,451.36","2,461.49","2,461.49","488,346,400",^SP500-45
8-Feb-23,"2,505.26","2,523.36","2,469.87","2,473.94","2,473.94","506,698,700",^SP500-45
7-Feb-23,"2,445.00","2,514.46","2,445.00","2,505.26","2,505.26","560,359,300",^SP500-45
6-Feb-23,"2,475.27","2,475.27","2,436.17","2,445.00","2,445.00","458,488,200",^SP500-45
*Close price adjusted for splits.,^SP500-45,,,,,,
^SP500-35,,,,,,,
29-Jun-23,"1,522.26","1,533.27","1,516.94","1,532.09","1,532.09","147,839,400",^SP500-35
28-Jun-23,"1,527.64","1,527.64","1,517.92","1,522.26","1,522.26","169,836,300",^SP500-35
27-Jun-23,"1,530.70","1,532.71","1,517.05","1,527.64","1,527.64","178,084,800",^SP500-35
26-Jun-23,"1,539.92","1,539.92","1,516.67","1,530.70","1,530.70","191,060,300",^SP500-35
23-Jun-23,"1,544.88","1,545.71","1,536.41","1,539.92","1,539.92","235,750,300",^SP500-35
22-Jun-23,"1,534.94","1,547.11","1,534.76","1,544.88","1,544.88","143,353,000",^SP500-35
21-Jun-23,"1,533.99","1,539.84","1,523.97","1,534.94","1,534.94","166,170,400",^SP500-35
20-Jun-23,"1,536.25","1,541.25","1,521.27","1,533.99","1,533.99","189,993,000",^SP500-35
16-Jun-23,"1,536.36","1,548.07","1,534.73","1,536.25","1,536.25","375,518,800",^SP500-35
15-Jun-23,"1,512.91","1,538.34","1,512.91","1,536.36","1,536.36","189,457,500",^SP500-35
14-Jun-23,"1,530.05","1,530.05","1,507.72","1,512.91","1,512.91","227,372,400",^SP500-35
13-Jun-23,"1,522.00","1,532.23","1,518.94","1,530.05","1,530.05","177,858,200",^SP500-35
12-Jun-23,"1,515.05","1,522.57","1,510.34","1,522.00","1,522.00","167,351,500",^SP500-35
9-Jun-23,"1,512.14","1,522.26","1,506.39","1,515.05","1,515.05","139,391,900",^SP500-35
8-Jun-23,"1,502.41","1,514.07","1,498.29","1,512.14","1,512.14","163,166,500",^SP500-35
7-Jun-23,"1,508.67","1,509.21","1,500.48","1,502.41","1,502.41","183,259,800",^SP500-35
6-Jun-23,"1,522.04","1,527.53","1,502.42","1,508.67","1,508.67","170,995,600",^SP500-35
5-Jun-23,"1,516.22","1,527.95","1,516.22","1,522.04","1,522.04","140,218,400",^SP500-35
2-Jun-23,"1,496.25","1,518.50","1,496.25","1,516.22","1,516.22","168,708,500",^SP500-35
1-Jun-23,"1,486.28","1,499.59","1,477.42","1,496.25","1,496.25","178,117,400",^SP500-35
31-May-23,"1,473.78","1,489.43","1,466.49","1,486.28","1,486.28","337,125,500",^SP500-35
30-May-23,"1,483.73","1,487.26","1,470.88","1,473.78","1,473.78","187,180,200",^SP500-35
26-May-23,"1,486.30","1,498.86","1,480.76","1,483.73","1,483.73","163,723,000",^SP500-35
25-May-23,"1,501.91","1,501.91","1,476.45","1,486.30","1,486.30","202,456,000",^SP500-35
24-May-23,"1,511.87","1,511.87","1,498.51","1,501.91","1,501.91","181,357,700",^SP500-35
23-May-23,"1,529.13","1,529.13","1,509.25","1,511.87","1,511.87","228,555,100",^SP500-35
22-May-23,"1,528.47","1,539.08","1,525.94","1,529.13","1,529.13","215,338,500",^SP500-35
19-May-23,"1,521.53","1,538.70","1,521.53","1,528.47","1,528.47","188,638,000",^SP500-35
18-May-23,"1,525.24","1,525.24","1,509.80","1,521.53","1,521.53","163,274,500",^SP500-35
17-May-23,"1,523.76","1,526.68","1,508.43","1,525.24","1,525.24","172,356,200",^SP500-35
16-May-23,"1,536.30","1,536.30","1,523.31","1,523.76","1,523.76","142,036,800",^SP500-35
15-May-23,"1,538.82","1,540.51","1,529.99","1,536.30","1,536.30","140,611,600",^SP500-35
12-May-23,"1,541.67","1,546.77","1,532.37","1,538.82","1,538.82","142,252,600",^SP500-35
11-May-23,"1,546.86","1,546.86","1,532.24","1,541.67","1,541.67","168,791,000",^SP500-35
10-May-23,"1,542.68","1,550.86","1,538.49","1,546.86","1,546.86","166,303,800",^SP500-35
9-May-23,"1,553.41","1,554.46","1,542.35","1,542.68","1,542.68","164,908,300",^SP500-35
8-May-23,"1,556.81","1,556.81","1,546.66","1,553.41","1,553.41","183,281,700",^SP500-35
5-May-23,"1,542.58","1,561.81","1,542.58","1,556.81","1,556.81","161,992,700",^SP500-35
4-May-23,"1,555.15","1,555.15","1,536.58","1,542.58","1,542.58","172,335,500",^SP500-35
3-May-23,"1,556.88","1,570.71","1,553.04","1,555.15","1,555.15","198,850,100",^SP500-35
2-May-23,"1,564.51","1,571.05","1,546.24","1,556.88","1,556.88","198,624,800",^SP500-35
1-May-23,"1,555.39","1,570.10","1,555.05","1,564.51","1,564.51","157,720,200",^SP500-35
28-Apr-23,"1,542.80","1,560.14","1,539.15","1,555.39","1,555.39","192,512,200",^SP500-35
27-Apr-23,"1,534.96","1,544.65","1,522.08","1,542.80","1,542.80","206,380,000",^SP500-35
26-Apr-23,"1,556.86","1,556.86","1,525.40","1,534.96","1,534.96","196,007,000",^SP500-35
25-Apr-23,"1,573.41","1,575.89","1,554.80","1,556.86","1,556.86","190,456,100",^SP500-35
24-Apr-23,"1,564.68","1,573.86","1,562.81","1,573.41","1,573.41","168,998,700",^SP500-35
21-Apr-23,"1,554.15","1,570.11","1,554.15","1,564.68","1,564.68","191,014,300",^SP500-35
20-Apr-23,"1,560.92","1,560.92","1,547.17","1,554.15","1,554.15","164,398,400",^SP500-35
19-Apr-23,"1,556.50","1,563.45","1,552.17","1,560.92","1,560.92","179,633,600",^SP500-35
18-Apr-23,"1,566.76","1,569.53","1,554.16","1,556.50","1,556.50","155,548,100",^SP500-35
17-Apr-23,"1,568.38","1,570.23","1,558.92","1,566.76","1,566.76","160,616,300",^SP500-35
14-Apr-23,"1,580.81","1,580.81","1,562.55","1,568.38","1,568.38","162,524,000",^SP500-35
13-Apr-23,"1,561.60","1,582.54","1,561.60","1,580.81","1,580.81","151,471,100",^SP500-35
12-Apr-23,"1,561.36","1,573.04","1,559.15","1,561.60","1,561.60","144,644,400",^SP500-35
11-Apr-23,"1,556.75","1,566.84","1,556.75","1,561.36","1,561.36","131,076,200",^SP500-35
10-Apr-23,"1,557.33","1,557.33","1,544.98","1,556.75","1,556.75","132,245,600",^SP500-35
6-Apr-23,"1,553.83","1,563.71","1,552.08","1,557.33","1,557.33","162,440,600",^SP500-35
5-Apr-23,"1,527.40","1,556.22","1,527.40","1,553.83","1,553.83","196,840,300",^SP500-35
4-Apr-23,"1,527.04","1,535.98","1,524.63","1,527.40","1,527.40","162,192,400",^SP500-35
3-Apr-23,"1,510.73","1,528.58","1,507.61","1,527.04","1,527.04","177,659,800",^SP500-35
31-Mar-23,"1,493.96","1,511.00","1,493.96","1,510.73","1,510.73","186,008,400",^SP500-35
30-Mar-23,"1,485.81","1,494.57","1,484.66","1,493.96","1,493.96","124,879,700",^SP500-35
29-Mar-23,"1,482.26","1,489.11","1,479.86","1,485.81","1,485.81","142,038,900",^SP500-35
28-Mar-23,"1,490.71","1,494.84","1,478.51","1,482.26","1,482.26","121,920,300",^SP500-35
27-Mar-23,"1,484.65","1,502.58","1,484.65","1,490.71","1,490.71","140,571,900",^SP500-35
24-Mar-23,"1,465.45","1,486.39","1,458.32","1,484.65","1,484.65","155,273,100",^SP500-35
23-Mar-23,"1,468.05","1,482.48","1,456.74","1,465.45","1,465.45","166,221,700",^SP500-35
22-Mar-23,"1,490.34","1,496.65","1,467.64","1,468.05","1,468.05","145,470,500",^SP500-35
21-Mar-23,"1,481.55","1,491.97","1,478.13","1,490.34","1,490.34","165,995,800",^SP500-35
20-Mar-23,"1,462.81","1,483.18","1,462.81","1,481.55","1,481.55","174,022,600",^SP500-35
17-Mar-23,"1,481.54","1,482.41","1,458.28","1,462.81","1,462.81","386,991,300",^SP500-35
16-Mar-23,"1,467.49","1,482.23","1,453.47","1,481.54","1,481.54","176,100,600",^SP500-35
15-Mar-23,"1,470.01","1,470.01","1,451.55","1,467.49","1,467.49","188,983,200",^SP500-35
14-Mar-23,"1,457.14","1,473.90","1,455.06","1,470.01","1,470.01","192,674,800",^SP500-35
13-Mar-23,"1,443.91","1,476.32","1,439.30","1,457.14","1,457.14","217,049,800",^SP500-35
10-Mar-23,"1,454.63","1,463.88","1,438.33","1,443.91","1,443.91","193,945,500",^SP500-35
9-Mar-23,"1,469.81","1,477.16","1,449.39","1,454.63","1,454.63","163,721,600",^SP500-35
8-Mar-23,"1,478.10","1,479.34","1,464.36","1,469.81","1,469.81","142,982,400",^SP500-35
7-Mar-23,"1,502.39","1,505.57","1,475.63","1,478.10","1,478.10","176,091,300",^SP500-35
6-Mar-23,"1,503.32","1,509.23","1,499.05","1,502.39","1,502.39","184,156,300",^SP500-35
3-Mar-23,"1,486.04","1,503.59","1,486.04","1,503.32","1,503.32","157,947,700",^SP500-35
2-Mar-23,"1,477.49","1,490.62","1,471.26","1,486.04","1,486.04","153,114,300",^SP500-35
1-Mar-23,"1,480.18","1,480.55","1,471.00","1,477.49","1,477.49","162,193,800",^SP500-35
28-Feb-23,"1,491.02","1,491.02","1,478.55","1,480.18","1,480.18","223,796,300",^SP500-35
27-Feb-23,"1,495.64","1,507.62","1,487.73","1,491.02","1,491.02","164,174,000",^SP500-35
24-Feb-23,"1,514.86","1,514.86","1,491.28","1,495.64","1,495.64","160,361,400",^SP500-35
23-Feb-23,"1,510.83","1,522.61","1,504.20","1,514.86","1,514.86","163,909,900",^SP500-35
22-Feb-23,"1,515.77","1,521.39","1,508.15","1,510.83","1,510.83","166,557,300",^SP500-35
21-Feb-23,"1,536.74","1,536.74","1,514.04","1,515.77","1,515.77","164,317,500",^SP500-35
17-Feb-23,"1,523.11","1,538.78","1,514.75","1,536.74","1,536.74","182,679,400",^SP500-35
16-Feb-23,"1,538.53","1,538.53","1,520.50","1,523.11","1,523.11","165,083,800",^SP500-35
15-Feb-23,"1,546.02","1,546.02","1,533.62","1,538.77","1,538.77","151,508,700",^SP500-35
14-Feb-23,"1,556.10","1,560.38","1,539.08","1,546.71","1,546.71","148,104,800",^SP500-35
13-Feb-23,"1,543.29","1,556.26","1,543.29","1,556.10","1,556.10","153,774,000",^SP500-35
10-Feb-23,"1,528.98","1,544.98","1,528.98","1,543.29","1,543.29","170,110,200",^SP500-35
9-Feb-23,"1,542.24","1,551.92","1,526.72","1,528.98","1,528.98","199,773,800",^SP500-35
8-Feb-23,"1,547.00","1,551.27","1,540.65","1,542.24","1,542.24","166,917,700",^SP500-35
7-Feb-23,"1,537.10","1,551.44","1,526.55","1,547.00","1,547.00","183,146,100",^SP500-35
6-Feb-23,"1,546.32","1,546.88","1,535.25","1,537.10","1,537.10","174,711,600",^SP500-35
*Close price adjusted for splits.,^SP500-35,,,,,,
^SP500-20,,,,,,,
29-Jun-23,891.37,900.61,890.23,900.26,900.26,"157,750,800",^SP500-20
28-Jun-23,892.07,893.72,889.09,891.9,891.9,"168,836,600",^SP500-20
27-Jun-23,882.8,892.96,881.9,892.24,892.24,"202,227,800",^SP500-20
26-Jun-23,873.78,883.11,873.4,881.18,881.18,"143,027,700",^SP500-20
23-Jun-23,873.97,877.32,871.19,874.25,874.25,"235,869,600",^SP500-20
22-Jun-23,884.6,884.6,879.41,880.85,880.85,"136,367,700",^SP500-20
21-Jun-23,878.73,889.64,876.44,887.17,887.17,"162,221,600",^SP500-20
20-Jun-23,884.77,885.6,879.03,882.17,882.17,"168,937,600",^SP500-20
16-Jun-23,893.95,898.34,887.8,888.91,888.91,"293,875,000",^SP500-20
15-Jun-23,876.94,892.2,876.94,890.25,890.25,"175,941,300",^SP500-20
14-Jun-23,881.73,884.06,873.66,876.99,876.99,"189,820,800",^SP500-20
13-Jun-23,871.06,880.34,870.2,879.55,879.55,"181,585,500",^SP500-20
12-Jun-23,863.93,870.9,861.39,869.48,869.48,"165,170,300",^SP500-20
9-Jun-23,866.15,866.22,857.98,863.48,863.48,"150,492,800",^SP500-20
8-Jun-23,862.6,867.74,858.91,865.78,865.78,"161,768,400",^SP500-20
7-Jun-23,852.37,864.93,848.53,864.24,864.24,"184,618,300",^SP500-20
6-Jun-23,844.18,852.09,842.82,850.74,850.74,"152,854,700",^SP500-20
5-Jun-23,852.16,852.28,844.68,845.64,845.64,"144,136,500",^SP500-20
2-Jun-23,834.82,853.72,834.75,851.69,851.69,"214,034,500",^SP500-20
1-Jun-23,819.5,829.09,816.46,827.19,827.19,"181,286,400",^SP500-20
31-May-23,825.76,826.07,814.62,816.88,816.88,"323,509,900",^SP500-20
30-May-23,831.07,832.83,824.67,828.48,828.48,"156,913,400",^SP500-20
26-May-23,826.17,833.27,825.8,830.39,830.39,"153,779,000",^SP500-20
25-May-23,821.42,826.06,817.01,824.03,824.03,"193,548,900",^SP500-20
24-May-23,829.92,829.93,820.46,821.53,821.53,"174,945,800",^SP500-20
23-May-23,838.55,840.97,830.95,832.07,832.07,"180,217,300",^SP500-20
22-May-23,843.31,847.44,835.76,842.45,842.45,"159,481,000",^SP500-20
19-May-23,849.34,851.26,838.59,842.42,842.42,"158,555,800",^SP500-20
18-May-23,837.15,845.85,834.91,844.69,844.69,"163,426,500",^SP500-20
17-May-23,829.78,841.65,829.78,839.09,839.09,"203,975,200",^SP500-20
16-May-23,832.67,832.81,825.06,825.06,825.06,"147,501,400",^SP500-20
15-May-23,832.64,838.92,829.44,836.46,836.46,"129,449,900",^SP500-20
12-May-23,835.76,837.64,826.11,832.24,832.24,"130,970,400",^SP500-20
11-May-23,833.3,833.83,827.57,832.15,832.15,"137,855,900",^SP500-20
10-May-23,845.43,846.2,828.11,837.56,837.56,"160,721,300",^SP500-20
9-May-23,837.89,841.82,835.47,840.28,840.28,"154,648,500",^SP500-20
8-May-23,845.12,846.11,835.91,838.82,838.82,"163,815,500",^SP500-20
5-May-23,836.59,844.24,835.95,841.93,841.93,"163,894,200",^SP500-20
4-May-23,838.4,839.21,825.04,829.44,829.44,"194,981,300",^SP500-20
3-May-23,845.53,850.1,838.12,838.62,838.62,"178,189,900",^SP500-20
2-May-23,848.49,848.49,832.62,841.85,841.85,"189,114,300",^SP500-20
1-May-23,846.72,855.45,846.72,850.77,850.77,"174,726,300",^SP500-20
28-Apr-23,837.63,847.46,837.63,846.11,846.11,"215,399,200",^SP500-20
27-Apr-23,825.09,838.93,822.94,838.37,838.37,"253,850,900",^SP500-20
26-Apr-23,831.84,834.42,820.49,822.05,822.05,"223,331,500",^SP500-20
25-Apr-23,848.16,848.63,837.2,837.71,837.71,"195,642,600",^SP500-20
24-Apr-23,852.28,856.29,850.18,853.37,853.37,"174,097,100",^SP500-20
21-Apr-23,855.53,855.65,848.33,851.44,851.44,"186,256,500",^SP500-20
20-Apr-23,851.15,856.7,850.69,853.51,853.51,"178,429,000",^SP500-20
19-Apr-23,853.84,856.32,851.38,855.09,855.09,"174,370,400",^SP500-20
18-Apr-23,855.37,860.69,852.74,855.69,855.69,"186,692,500",^SP500-20
17-Apr-23,847.39,851.78,845.98,851.74,851.74,"159,982,900",^SP500-20
14-Apr-23,843.35,849.4,840.06,845.07,845.07,"183,594,100",^SP500-20
13-Apr-23,842.97,847.57,834.47,846.09,846.09,"236,216,100",^SP500-20
12-Apr-23,843.95,847.86,840.74,842.91,842.91,"277,754,100",^SP500-20
11-Apr-23,838.03,843.94,837.23,840.11,840.11,"166,118,300",^SP500-20
10-Apr-23,825.46,835.2,824.89,835.19,835.19,"152,819,900",^SP500-20
6-Apr-23,827.63,830.94,824.2,827.76,827.76,"169,062,700",^SP500-20
5-Apr-23,835.83,838.02,825.42,827.97,827.97,"200,068,900",^SP500-20
4-Apr-23,857.8,858.17,835.93,838.88,838.88,"172,600,000",^SP500-20
3-Apr-23,854.39,861.34,852.04,858.21,858.21,"151,687,700",^SP500-20
31-Mar-23,849.49,856.82,848.6,856.59,856.59,"167,807,400",^SP500-20
30-Mar-23,847.75,849.32,842.7,845.47,845.47,"142,406,000",^SP500-20
29-Mar-23,838.3,844.1,837.79,843.55,843.55,"150,882,000",^SP500-20
28-Mar-23,827.6,834.8,827.33,831.74,831.74,"127,735,100",^SP500-20
27-Mar-23,826.12,830.11,822.11,827.24,827.24,"151,589,900",^SP500-20
24-Mar-23,812.23,820.94,806.33,820.48,820.48,"175,955,600",^SP500-20
23-Mar-23,820.69,830.83,812.34,817.61,817.61,"187,277,300",^SP500-20
22-Mar-23,835.32,839.24,819.4,819.46,819.46,"180,188,400",^SP500-20
21-Mar-23,835.25,838.9,831.26,835.38,835.38,"171,557,100",^SP500-20
20-Mar-23,819.06,827.72,819,826.06,826.06,"183,970,800",^SP500-20
17-Mar-23,826.81,826.95,811.57,815,815,"349,914,600",^SP500-20
16-Mar-23,813.39,831.11,811.52,828.48,828.48,"214,341,800",^SP500-20
15-Mar-23,825.44,825.45,805.53,818.08,818.08,"269,844,500",^SP500-20
14-Mar-23,841.26,847.34,829.3,839.14,839.14,"247,268,700",^SP500-20
13-Mar-23,825.65,837.73,823.24,830.38,830.38,"226,727,400",^SP500-20
10-Mar-23,850.18,853.59,832.41,835.48,835.48,"234,908,400",^SP500-20
9-Mar-23,868.05,871.26,849.74,851,851,"191,314,300",^SP500-20
8-Mar-23,862.69,865.62,857.66,863.67,863.67,"136,013,600",^SP500-20
7-Mar-23,872.76,874.07,861.2,861.7,861.7,"176,527,900",^SP500-20
6-Mar-23,874.28,878.66,871.69,872.77,872.77,"157,954,300",^SP500-20
3-Mar-23,868.32,875.89,864.02,874.52,874.52,"157,519,100",^SP500-20
2-Mar-23,851.31,866.91,850.96,865.34,865.34,"142,199,200",^SP500-20
1-Mar-23,851.31,859.7,850.62,855.08,855.08,"147,491,800",^SP500-20
28-Feb-23,852.77,857.18,851.2,851.88,851.88,"187,809,500",^SP500-20
27-Feb-23,857.41,860.64,852.3,854.04,854.04,"156,716,200",^SP500-20
24-Feb-23,843.46,848.25,839.76,846.99,846.99,"150,485,800",^SP500-20
23-Feb-23,852.89,856.91,843.09,851.92,851.92,"175,482,300",^SP500-20
22-Feb-23,851.55,855.32,845.23,848.54,848.54,"174,726,700",^SP500-20
21-Feb-23,864.88,866.78,850.04,850.77,850.77,"176,923,700",^SP500-20
17-Feb-23,865.02,871.14,861.39,870.74,870.74,"165,289,600",^SP500-20
16-Feb-23,865.09,871.91,861.9,865.28,865.28,"141,957,100",^SP500-20
15-Feb-23,864.71,874.97,863.28,874.82,874.82,"131,834,600",^SP500-20
14-Feb-23,869.13,873.24,860.7,869.36,869.36,"150,740,500",^SP500-20
13-Feb-23,865,872.27,864.55,871.83,871.83,"151,806,500",^SP500-20
10-Feb-23,856.78,864.58,855.12,864.22,864.22,"142,151,600",^SP500-20
9-Feb-23,870.07,871.75,855.62,857.89,857.89,"153,751,000",^SP500-20
8-Feb-23,867.35,870.04,863.01,865.51,865.51,"151,809,600",^SP500-20
7-Feb-23,865.91,872.85,856.84,870.62,870.62,"159,537,600",^SP500-20
6-Feb-23,867.58,870.61,864.6,868.47,868.47,"148,537,000",^SP500-20
*Close price adjusted for splits.,^SP500-20,,,,,,
